ARCHITECTURE,ID,RP1,RP2,RP3,CAMERA,ROAD,RAISED,NN_TRUTH,NN_PREDICTION
VGG19,6026,1111,1111,1111,1111,1111,,1111,1111
VGG19,6889,1111,1111,1111,1111,1111,,1111,1111
VGG19,6613,1111,1111,1111,1111,1111,,1111,1111
VGG19,6502,1111,1111,1111,1112,1111,4,1112,1112
VGG19,6739,1112,1112,1112,1112,1112,,1112,1112
VGG19,6913,1112,1112,1112,1112,1112,,1112,1112
VGG19,7085,1112,1112,1112,1112,1112,,1112,1112
VGG19,5960,111,111,111,111,111,,111,111
VGG19,7231,111,111,111,111,111,,111,111
VGG19,6861,111,111,111,111,111,,111,111
VGG19,5708,111,111,111,111,111,,111,111
VGG19,5775,111,111,111,111,111,,111,111
VGG19,5755,111,111,111,111,111,,111,111
VGG19,6171,111,111,111,111,111,,111,111
VGG19,5953,111,111,111,111,111,,111,111
VGG19,6436,22,22,22,22,22,,22,22
VGG19,6897,22,22,22,22,22,,22,22
VGG19,6130,22,22,22,22,22,,22,22
VGG19,7262,22,22,22,22,22,,22,22
VGG19,5796,22,22,22,22,22,,22,22
VGG19,6946,22,22,22,22,22,,22,22
VGG19,7140,22,22,22,22,22,,22,22
VGG19,6131,22,22,22,22,22,,22,22
VGG19,6041,1222,1222,1222,1222,1222,,1222,1222
VGG19,5725,112,112,112,113,112,3,113,113
VGG19,6108,113,113,113,113,113,,113,113
VGG19,6328,112,112,112,113,112,3,113,113
VGG19,6093,113,113,113,113,113,,113,113
VGG19,7098,112,112,112,113,112,3,113,113
VGG19,7177,113,113,113,113,113,,113,113
VGG19,6487,113,113,113,113,113,,113,113
VGG19,7226,113,113,113,113,113,,113,113
VGG19,5710,113,113,113,113,113,,113,113
VGG19,6826,113,113,113,113,113,,113,113
VGG19,5711,113,113,113,113,113,,113,113
VGG19,7073,112,112,112,113,112,3,113,113
VGG19,5956,113,113,113,113,113,,113,113
VGG19,5770,113,113,113,113,113,,113,113
VGG19,6388,113,113,113,113,113,,113,113
VGG19,5747,113,113,113,113,113,,113,113
VGG19,6413,113,113,113,113,113,,113,113
VGG19,5940,113,113,113,113,113,,113,113
VGG19,6461,113,113,113,113,113,,113,113
VGG19,6658,113,113,113,113,113,,113,113
VGG19,5970,113,113,113,113,113,,113,113
VGG19,5749,113,113,113,113,113,,113,113
VGG19,6153,113,113,113,113,113,,113,113
VGG19,5877,113,113,113,113,113,,113,113
VGG19,5777,112,112,112,113,112,3,113,113
VGG19,6972,113,113,113,113,113,,113,113
VGG19,7058,113,113,113,113,113,,113,113
VGG19,7198,113,113,113,113,113,,113,113
VGG19,6696,113,113,113,113,113,,113,113
VGG19,7159,113,113,113,113,113,,113,113
VGG19,6183,113,113,113,113,113,,113,113
VGG19,6624,113,113,113,113,113,,113,113
VGG19,7120,113,113,113,113,113,,113,113
VGG19,6216,113,113,113,113,113,,113,113
VGG19,6887,113,113,113,113,113,,113,113
VGG19,6274,113,113,113,113,113,,113,113
VGG19,6920,112,112,112,113,112,3,113,113
VGG19,6066,113,113,113,113,113,,113,113
VGG19,6760,113,113,113,113,113,,113,113
VGG19,6610,113,113,113,113,113,,113,113
VGG19,6319,113,113,113,113,113,,113,113
VGG19,6674,113,113,113,113,113,,113,113
VGG19,6931,113,113,113,113,113,,113,113
VGG19,7090,113,113,113,113,113,,113,113
VGG19,6295,113,113,113,113,113,,113,113
VGG19,5924,113,113,113,113,113,,113,113
VGG19,6600,113,113,113,113,113,,113,113
VGG19,6200,112,112,112,113,112,3,113,113
VGG19,5723,113,113,113,113,113,,113,113
VGG19,6718,112,112,112,113,112,3,113,113
VGG19,6135,113,113,113,113,113,,113,113
VGG19,6928,113,113,113,113,113,,113,113
VGG19,5873,113,113,113,113,113,,113,113
VGG19,6075,113,113,113,113,113,,113,113
VGG19,7166,113,113,113,113,113,,113,113
VGG19,7263,112,112,112,113,112,3,113,113
VGG19,7149,113,113,113,113,113,,113,113
VGG19,6704,113,113,113,113,113,,113,113
VGG19,5973,113,113,113,113,113,,113,113
VGG19,7176,113,113,113,113,113,,113,113
VGG19,6728,113,113,113,113,113,,113,113
VGG19,6951,113,113,113,113,113,,113,113
VGG19,6627,112,112,112,113,112,3,113,113
VGG19,6745,113,113,113,113,113,,113,113
VGG19,6956,113,113,113,113,113,,113,113
VGG19,6785,113,113,113,113,113,,113,113
VGG19,6078,113,113,113,113,113,,113,113
VGG19,6557,113,113,113,113,113,,113,113
VGG19,6530,113,113,113,113,113,,113,113
VGG19,6454,113,113,113,113,113,,113,113
VGG19,6339,113,113,113,113,113,,113,113
VGG19,6399,112,112,112,113,112,3,113,113
VGG19,7169,113,113,113,113,113,,113,113
VGG19,6630,112,112,112,113,112,3,113,113
VGG19,5988,113,113,113,113,113,,113,113
VGG19,7057,113,113,113,113,113,,113,113
VGG19,6827,113,113,113,113,113,,113,113
VGG19,5980,113,113,113,113,113,,113,113
VGG19,6027,113,113,113,113,113,,113,113
VGG19,6331,112,112,112,113,112,3,113,113
VGG19,5857,112,112,112,113,112,3,113,113
VGG19,6344,113,113,113,113,113,,113,113
VGG19,6423,113,113,113,113,113,,113,113
VGG19,5776,113,113,113,113,113,,113,113
VGG19,6467,112,112,112,113,112,3,113,113
VGG19,6980,11,11,113,113,113,,113,113
VGG19,6203,113,113,113,113,113,,113,113
VGG19,7205,113,113,113,113,113,,113,113
VGG19,6555,113,113,113,113,113,,113,113
VGG19,6527,113,113,113,113,113,,113,113
VGG19,6544,113,113,113,113,113,,113,113
VGG19,6383,113,113,113,113,113,,113,113
VGG19,5977,113,113,113,113,113,,113,113
VGG19,6662,113,113,113,113,113,,113,113
VGG19,7216,113,113,113,113,113,,113,113
VGG19,6665,112,112,112,113,112,3,113,113
VGG19,6648,113,113,113,113,113,,113,113
VGG19,6176,113,113,113,113,113,,113,113
VGG19,6400,113,113,113,113,113,,113,113
VGG19,5702,113,113,113,113,113,,113,113
VGG19,6460,113,113,113,113,113,,113,113
VGG19,6202,113,113,113,113,113,,113,113
VGG19,6592,113,113,113,113,113,,113,113
VGG19,7202,113,113,113,113,113,,113,113
VGG19,6916,113,113,113,113,113,,113,113
VGG19,6077,113,113,113,113,113,,113,113
VGG19,5767,113,113,113,113,113,,113,113
VGG19,6235,113,113,113,113,113,,113,113
VGG19,6810,113,113,113,113,113,,113,113
VGG19,5984,113,113,113,113,113,,113,113
VGG19,6250,113,113,113,113,113,,113,113
VGG19,6445,113,113,113,113,113,,113,113
VGG19,7239,113,113,113,113,113,,113,113
VGG19,6667,112,112,112,113,112,3,113,113
VGG19,6927,113,113,113,113,113,,113,113
VGG19,6626,113,113,113,113,113,,113,113
VGG19,7055,113,113,113,113,113,,113,113
VGG19,5757,113,113,113,113,113,,113,113
VGG19,5820,113,113,113,113,113,,113,113
VGG19,6855,113,113,113,113,113,,113,113
VGG19,7161,113,113,113,113,113,,113,113
VGG19,5882,112,112,112,113,112,3,113,113
VGG19,7007,113,113,113,113,113,,113,113
VGG19,6878,113,113,113,113,113,,113,113
VGG19,6958,113,113,113,113,113,,113,113
VGG19,6616,112,112,112,113,112,3,113,113
VGG19,5944,113,113,113,113,113,,113,113
VGG19,7105,113,113,113,113,113,,113,113
VGG19,7088,113,113,113,113,113,,113,113
VGG19,6574,113,113,113,113,113,,113,113
VGG19,5812,113,113,113,113,113,,113,113
VGG19,7184,113,113,113,113,113,,113,113
VGG19,6912,113,113,113,113,113,,113,113
VGG19,6525,113,113,113,113,113,,113,113
VGG19,6638,113,113,113,113,113,,113,113
VGG19,6173,113,113,113,113,113,,113,113
VGG19,5745,113,113,113,113,113,,113,113
VGG19,6890,113,113,113,113,113,,113,113
VGG19,6444,113,113,113,113,113,,113,113
VGG19,6197,112,112,112,113,112,3,113,113
VGG19,6404,113,113,113,113,113,,113,113
VGG19,6545,113,113,113,113,113,,113,113
VGG19,6450,112,112,112,113,112,3,113,113
VGG19,6952,113,113,113,113,113,,113,113
VGG19,7230,113,113,113,113,113,,113,113
VGG19,6631,113,113,113,113,113,,113,113
VGG19,6974,113,113,113,113,113,,113,113
VGG19,5920,113,113,113,113,113,,113,113
VGG19,7190,113,113,113,113,113,,113,113
VGG19,5759,113,113,113,113,113,,113,113
VGG19,6029,113,113,113,113,113,,113,113
VGG19,6199,113,113,113,113,113,,113,113
VGG19,5886,113,113,113,113,113,,113,113
VGG19,7269,113,113,113,113,113,,113,113
VGG19,6010,113,113,113,113,113,,113,113
VGG19,6309,113,113,113,113,113,,113,113
VGG19,6457,113,113,113,113,113,,113,113
VGG19,6751,112,112,112,113,112,3,113,113
VGG19,6152,113,113,113,113,113,,113,113
VGG19,6661,113,113,113,113,113,,113,113
VGG19,6194,112,112,112,113,112,3,113,113
VGG19,6378,113,113,113,113,113,,113,113
VGG19,5982,113,113,113,113,113,,113,113
VGG19,7082,113,113,113,113,113,,113,113
VGG19,6117,113,113,113,113,113,,113,113
VGG19,5978,112,112,112,113,112,3,113,113
VGG19,6193,113,113,113,113,113,,113,113
VGG19,5969,113,113,113,113,113,,113,113
VGG19,7044,113,113,113,113,113,,113,113
VGG19,6644,113,113,113,113,113,,113,113
VGG19,6779,113,113,113,113,113,,113,113
VGG19,6769,113,113,113,113,113,,113,113
VGG19,7115,113,113,113,113,113,,113,113
VGG19,7194,113,113,113,113,113,,113,113
VGG19,6392,113,113,113,113,113,,113,113
VGG19,6853,112,112,112,113,112,3,113,113
VGG19,6932,113,113,113,113,113,,113,113
VGG19,7191,113,113,113,113,113,,113,113
VGG19,6146,113,113,113,113,113,,113,113
VGG19,6672,113,113,113,113,113,,113,113
VGG19,6643,113,113,113,113,113,,113,113
VGG19,6458,113,113,113,113,113,,113,113
VGG19,5979,113,113,113,113,113,,113,113
VGG19,6484,113,113,113,113,113,,113,113
VGG19,6572,113,113,113,113,113,,113,113
VGG19,5826,113,113,113,113,113,,113,113
VGG19,6215,113,113,113,113,113,,113,113
VGG19,6478,112,112,112,113,112,3,113,113
VGG19,6297,113,113,113,113,113,,113,113
VGG19,6654,113,113,113,113,113,,113,113
VGG19,6438,113,113,113,113,113,,113,113
VGG19,5903,112,112,112,113,112,3,113,113
VGG19,6599,113,113,113,113,113,,113,113
VGG19,5897,113,113,113,113,113,,113,113
VGG19,6948,113,113,113,113,113,,113,113
VGG19,5911,113,113,113,113,113,,113,113
VGG19,6903,113,113,113,113,113,,113,113
VGG19,6955,112,112,112,113,112,3,113,113
VGG19,6882,113,113,113,113,113,,113,113
VGG19,6612,112,112,112,113,112,3,113,113
VGG19,5724,113,113,113,113,113,,113,113
VGG19,6841,112,112,112,113,112,3,113,113
VGG19,6403,113,113,113,113,113,,113,113
VGG19,5769,113,113,113,113,113,,113,113
VGG19,6673,113,113,113,113,113,,113,113
VGG19,6675,113,113,113,113,113,,113,113
VGG19,6036,113,113,113,113,113,,113,113
VGG19,6120,112,112,112,113,112,3,113,113
VGG19,7038,113,113,113,113,113,,113,113
VGG19,5823,112,112,112,113,112,3,113,113
VGG19,7015,113,113,113,113,113,,113,113
VGG19,6664,113,113,113,113,113,,113,113
VGG19,6876,113,113,113,113,113,,113,113
VGG19,5974,113,113,113,113,113,,113,113
VGG19,6262,113,113,113,113,113,,113,113
VGG19,6272,113,113,113,113,113,,113,113
VGG19,5810,1111,1111,1111,113,113,,113,113
VGG19,6836,112,112,112,113,112,3,113,113
VGG19,7013,112,112,112,113,112,3,113,113
VGG19,6535,113,113,113,113,113,,113,113
VGG19,6749,113,113,113,113,113,,113,113
VGG19,6532,113,113,113,113,113,,113,113
VGG19,7143,113,113,113,113,113,,113,113
VGG19,5858,113,113,113,113,113,,113,113
VGG19,6299,113,113,113,113,113,,113,113
VGG19,6245,112,112,112,113,112,3,113,113
VGG19,6082,112,112,112,113,112,3,113,113
VGG19,6495,113,113,113,113,113,,113,113
VGG19,6515,113,113,113,113,113,,113,113
VGG19,6428,113,113,113,113,113,,113,113
VGG19,6999,113,113,113,113,113,,113,113
VGG19,6758,113,113,113,113,113,,113,113
VGG19,7265,113,113,113,113,113,,113,113
VGG19,7188,112,112,112,113,112,3,113,113
VGG19,6179,113,113,113,113,113,,113,113
VGG19,5699,113,113,113,113,113,,113,113
VGG19,6741,113,113,113,113,113,,113,113
VGG19,6156,112,112,112,113,112,3,113,113
VGG19,7059,112,112,112,113,112,3,113,113
VGG19,7146,113,113,113,113,113,,113,113
VGG19,6823,113,113,113,113,113,,113,113
VGG19,6160,113,113,113,113,113,,113,113
VGG19,5870,113,113,113,113,113,,113,113
VGG19,6427,113,113,113,113,113,,113,113
VGG19,6091,113,113,113,113,113,,113,113
VGG19,6421,113,113,113,113,113,,113,113
VGG19,7164,112,112,112,113,112,3,113,113
VGG19,6777,113,113,113,113,113,,113,113
VGG19,6376,113,113,113,113,113,,113,113
VGG19,7077,112,112,112,113,112,3,113,113
VGG19,6540,113,113,113,113,113,,113,113
VGG19,6255,113,113,113,113,113,,113,113
VGG19,6806,113,113,113,113,113,,113,113
VGG19,6380,113,113,113,113,113,,113,113
VGG19,6792,113,113,113,113,113,,113,113
VGG19,6249,113,113,113,113,113,,113,113
VGG19,5799,113,113,113,113,113,,113,113
VGG19,7162,113,113,113,113,113,,113,113
VGG19,5883,113,113,113,113,113,,113,113
VGG19,6187,113,113,113,113,113,,113,113
VGG19,6359,112,112,112,113,112,3,113,113
VGG19,6273,113,113,113,113,113,,113,113
VGG19,6136,113,113,113,113,113,,113,113
VGG19,6831,113,113,113,113,113,,113,113
VGG19,6811,112,112,112,113,112,3,113,113
VGG19,6233,112,112,112,113,112,3,113,113
VGG19,6020,112,112,112,113,112,3,113,113
VGG19,5851,113,113,113,113,113,,113,113
VGG19,6692,113,113,113,113,113,,113,113
VGG19,7064,113,113,113,113,113,,113,113
VGG19,6282,113,113,113,113,113,,113,113
VGG19,6360,113,113,113,113,113,,113,113
VGG19,6659,113,113,113,113,113,,113,113
VGG19,6716,113,113,113,113,113,,113,113
VGG19,6227,113,113,113,113,113,,113,113
VGG19,5758,113,113,113,113,113,,113,113
VGG19,6871,113,113,113,113,113,,113,113
VGG19,6837,112,112,112,113,112,3,113,113
VGG19,6933,113,113,113,113,113,,113,113
VGG19,7017,112,112,112,113,112,3,113,113
VGG19,5929,113,113,113,113,113,,113,113
VGG19,5819,113,113,113,113,113,,113,113
VGG19,6439,113,113,113,113,113,,113,113
VGG19,6312,113,113,113,113,113,,113,113
VGG19,5906,113,113,113,113,113,,113,113
VGG19,6799,113,113,113,113,113,,113,113
VGG19,6220,113,113,113,113,113,,113,113
VGG19,7112,113,113,113,113,113,,113,113
VGG19,5905,113,113,113,113,113,,113,113
VGG19,6862,113,113,113,113,113,,113,113
VGG19,6987,113,113,113,113,113,,113,113
VGG19,7070,113,113,113,113,113,,113,113
VGG19,6435,113,113,113,113,113,,113,113
VGG19,5945,113,113,113,113,113,,113,113
VGG19,6104,113,113,113,113,113,,113,113
VGG19,6724,113,113,113,113,113,,113,113
VGG19,6693,113,113,113,113,113,,113,113
VGG19,5817,113,113,113,113,113,,113,113
VGG19,6759,113,113,113,113,113,,113,113
VGG19,6923,112,112,112,113,112,3,113,113
VGG19,6062,113,113,113,113,113,,113,113
VGG19,6607,113,113,113,113,113,,113,113
VGG19,6343,113,113,113,113,113,,113,113
VGG19,6553,113,113,113,113,113,,113,113
VGG19,6746,113,113,113,113,113,,113,113
VGG19,5864,113,113,113,113,113,,113,113
VGG19,6503,113,113,113,113,113,,113,113
VGG19,7014,113,113,113,113,113,,113,113
VGG19,6064,112,112,112,113,112,3,113,113
VGG19,6573,113,113,113,113,113,,113,113
VGG19,6443,113,113,113,113,113,,113,113
VGG19,6608,113,113,113,113,113,,113,113
VGG19,7117,113,113,113,113,113,,113,113
VGG19,5863,113,113,113,113,113,,113,113
VGG19,7245,112,112,112,113,112,3,113,113
VGG19,6419,113,113,113,113,113,,113,113
VGG19,7165,113,113,113,113,113,,113,113
VGG19,5901,113,113,113,113,113,,113,113
VGG19,6830,113,113,113,113,113,,113,113
VGG19,6531,112,112,112,113,112,3,113,113
VGG19,6820,112,112,112,113,112,3,113,113
VGG19,7246,113,113,113,113,113,,113,113
VGG19,6017,113,113,113,113,113,,113,113
VGG19,6186,113,113,113,113,113,,113,113
VGG19,6128,113,113,113,113,113,,113,113
VGG19,6764,113,113,113,113,113,,113,113
VGG19,6914,113,113,113,113,113,,113,113
VGG19,5793,113,113,113,113,113,,113,113
VGG19,6290,112,112,112,113,112,3,113,113
VGG19,6524,113,113,113,113,113,,113,113
VGG19,6061,113,113,113,113,113,,113,113
VGG19,6070,113,113,113,113,113,,113,113
VGG19,5727,113,113,113,113,113,,113,113
VGG19,5902,113,113,113,113,113,,113,113
VGG19,7253,113,113,113,113,113,,113,113
VGG19,5840,113,113,113,113,113,,113,113
VGG19,6699,113,113,113,113,113,,113,113
VGG19,6965,112,112,112,113,112,3,113,113
VGG19,7113,113,113,113,113,113,,113,113
VGG19,6163,113,113,113,113,113,,113,113
VGG19,7243,113,113,113,113,113,,113,113
VGG19,5954,113,113,113,113,113,,113,113
VGG19,7220,113,113,113,113,113,,113,113
VGG19,5784,113,113,113,113,113,,113,113
VGG19,7189,113,113,113,113,113,,113,113
VGG19,7123,113,113,113,113,113,,113,113
VGG19,5842,113,113,113,113,113,,113,113
VGG19,7244,113,113,113,113,113,,113,113
VGG19,5879,112,112,112,113,112,3,113,113
VGG19,6601,113,113,113,113,113,,113,113
VGG19,7264,113,113,113,113,113,,113,113
VGG19,6747,113,113,113,113,113,,113,113
VGG19,6583,113,113,113,113,113,,113,113
VGG19,7066,113,113,113,113,113,,113,113
VGG19,6205,113,113,113,113,113,,113,113
VGG19,7141,113,113,113,113,113,,113,113
VGG19,6406,113,113,113,113,113,,113,113
VGG19,6884,113,113,113,113,113,,113,113
VGG19,6763,113,113,113,113,113,,113,113
VGG19,6988,113,113,113,113,113,,113,113
VGG19,6825,113,113,113,113,113,,113,113
VGG19,7200,113,113,113,113,113,,113,113
VGG19,6683,113,113,113,113,113,,113,113
VGG19,6008,113,113,113,113,113,,113,113
VGG19,6632,113,113,113,113,113,,113,113
VGG19,5861,113,113,113,113,113,,113,113
VGG19,7160,113,113,113,113,113,,113,113
VGG19,5822,112,112,112,113,112,3,113,113
VGG19,5764,113,113,113,113,113,,113,113
VGG19,6139,113,113,113,113,113,,113,113
VGG19,6556,113,113,113,113,113,,113,113
VGG19,5937,113,113,113,113,113,,113,113
VGG19,5907,113,113,113,113,113,,113,113
VGG19,6593,113,113,113,113,113,,113,113
VGG19,6934,112,112,112,113,112,3,113,113
VGG19,5779,113,113,113,113,113,,113,113
VGG19,6123,112,112,112,113,112,3,113,113
VGG19,5991,113,113,113,113,113,,113,113
VGG19,6103,113,113,113,113,113,,113,113
VGG19,7179,113,113,113,113,113,,113,113
VGG19,6706,113,113,113,113,113,,113,113
VGG19,6778,113,113,113,113,113,,113,113
VGG19,5792,113,113,113,113,113,,113,113
VGG19,7255,113,113,113,113,113,,113,113
VGG19,7079,112,112,112,113,112,3,113,113
VGG19,6857,113,113,113,113,113,,113,113
VGG19,6241,113,113,113,113,113,,113,113
VGG19,7241,113,113,113,113,113,,113,113
VGG19,6092,113,113,113,113,113,,113,113
VGG19,5744,112,112,112,113,112,3,113,113
VGG19,6788,112,112,112,113,112,3,113,113
VGG19,6860,113,113,113,113,113,,113,113
VGG19,6268,112,112,112,113,112,3,113,113
VGG19,6391,113,113,113,113,113,,113,113
VGG19,5854,113,113,113,113,113,,113,113
VGG19,6491,113,113,113,113,113,,113,113
VGG19,7009,113,113,113,113,113,,113,113
VGG19,6058,113,113,113,113,113,,113,113
VGG19,5789,113,113,113,113,113,,113,113
VGG19,6224,113,113,113,113,113,,113,113
VGG19,6035,113,113,113,113,113,,113,113
VGG19,5975,113,113,113,113,113,,113,113
VGG19,6977,113,113,113,113,113,,113,113
VGG19,6470,113,113,113,113,113,,113,113
VGG19,6732,113,113,113,113,113,,113,113
VGG19,6915,113,113,113,113,113,,113,113
VGG19,6660,113,113,113,113,113,,113,113
VGG19,6375,112,112,112,113,112,3,113,113
VGG19,7225,113,113,113,113,113,,113,113
VGG19,5741,112,112,112,113,112,3,113,113
VGG19,6493,113,113,113,113,113,,113,113
VGG19,6214,112,112,112,113,112,3,113,113
VGG19,6133,113,113,113,113,113,,113,113
VGG19,6803,113,113,113,113,113,,113,113
VGG19,5894,113,113,113,113,113,,113,113
VGG19,5738,113,113,113,113,113,,113,113
VGG19,6011,113,113,113,113,113,,113,113
VGG19,6772,112,112,112,113,112,3,113,113
VGG19,5748,113,113,113,113,113,,113,113
VGG19,6705,113,113,113,113,113,,113,113
VGG19,7207,113,113,113,113,113,,113,113
VGG19,6292,113,113,113,113,113,,113,113
VGG19,7217,113,113,113,113,113,,113,113
VGG19,6685,113,113,113,113,113,,113,113
VGG19,6981,113,113,113,113,113,,113,113
VGG19,6874,112,112,112,113,112,3,113,113
VGG19,6045,113,113,113,113,113,,113,113
VGG19,5706,113,113,113,113,113,,113,113
VGG19,6463,113,113,113,113,113,,113,113
VGG19,5875,113,113,113,113,113,,113,113
VGG19,6867,113,113,113,113,113,,113,113
VGG19,6762,113,113,113,113,113,,113,113
VGG19,6978,113,113,113,113,113,,113,113
VGG19,6748,113,113,112,113,112,3,113,113
VGG19,6408,113,113,113,113,113,,113,113
VGG19,6623,113,113,113,113,113,,113,113
VGG19,6859,113,113,113,113,113,,113,113
VGG19,6668,113,113,113,113,113,,113,113
VGG19,7248,113,113,113,113,113,,113,113
VGG19,6395,113,113,113,113,113,,113,113
VGG19,6809,112,112,112,113,112,3,113,113
VGG19,5795,113,113,113,113,113,,113,113
VGG19,6954,113,113,113,113,113,,113,113
VGG19,6476,113,113,113,113,113,,113,113
VGG19,6301,113,113,113,113,113,,113,113
VGG19,6866,113,113,113,113,113,,113,113
VGG19,6781,112,112,112,113,112,3,113,113
VGG19,6591,113,113,113,113,113,,113,113
VGG19,7136,113,113,113,113,113,,113,113
VGG19,6089,113,113,113,113,113,,113,113
VGG19,6154,113,113,113,113,113,,113,113
VGG19,5831,112,112,112,113,112,3,113,113
VGG19,6475,113,113,113,113,113,,113,113
VGG19,6960,113,113,113,113,113,,113,113
VGG19,7252,113,113,113,113,113,,113,113
VGG19,6998,113,113,113,113,113,,113,113
VGG19,7024,113,113,113,113,113,,113,113
VGG19,6756,113,113,113,113,113,,113,113
VGG19,6338,113,113,113,113,113,,113,113
VGG19,7163,113,113,113,113,113,,113,113
VGG19,6256,113,113,113,113,113,,113,113
VGG19,6004,113,113,113,113,113,,113,113
VGG19,5739,113,113,113,113,113,,113,113
VGG19,6084,113,113,113,113,113,,113,113
VGG19,5934,113,113,113,113,113,,113,113
VGG19,5788,113,113,113,113,113,,113,113
VGG19,5989,113,113,113,113,113,,113,113
VGG19,6374,112,112,112,113,112,3,113,113
VGG19,5811,113,113,113,113,113,,113,113
VGG19,6121,112,112,112,113,112,3,113,113
VGG19,7242,113,113,113,113,113,,113,113
VGG19,7208,112,112,112,113,112,3,113,113
VGG19,6828,113,113,113,113,113,,113,113
VGG19,5743,113,113,113,113,113,,113,113
VGG19,6188,113,113,113,113,113,,113,113
VGG19,7023,113,113,113,113,113,,113,113
VGG19,6318,113,113,113,113,113,,113,113
VGG19,6412,113,113,113,113,113,,113,113
VGG19,7154,113,113,113,113,113,,113,113
VGG19,6138,113,113,113,113,113,,113,113
VGG19,6431,112,112,112,113,112,3,113,113
VGG19,7001,113,113,113,113,113,,113,113
VGG19,6483,113,113,113,113,113,,113,113
VGG19,7234,113,113,113,113,113,,113,113
VGG19,6432,113,113,113,113,113,,113,113
VGG19,6611,112,112,112,113,112,3,113,113
VGG19,5898,113,113,113,113,113,,113,113
VGG19,5884,113,113,113,113,113,,113,113
VGG19,6766,113,113,113,113,113,,113,113
VGG19,7247,113,113,113,113,113,,113,113
VGG19,5841,112,112,112,113,112,3,113,113
VGG19,7102,113,113,113,113,113,,113,113
VGG19,6238,113,113,113,113,113,,113,113
VGG19,6114,113,113,113,113,113,,113,113
VGG19,6754,113,113,113,113,113,,113,113
VGG19,6790,112,112,112,113,112,3,113,113
VGG19,6424,113,113,113,113,113,,113,113
VGG19,7172,113,113,113,113,113,,113,113
VGG19,6141,113,113,113,113,113,,113,113
VGG19,5893,112,112,112,113,112,3,113,113
VGG19,6225,113,113,113,113,113,,113,113
VGG19,5986,113,113,113,113,113,,113,113
VGG19,6213,113,113,113,113,113,,113,113
VGG19,5909,113,113,113,113,113,,113,113
VGG19,6755,113,113,113,113,113,,113,113
VGG19,6028,112,112,112,113,112,3,113,113
VGG19,6656,113,113,113,113,113,,113,113
VGG19,6243,113,113,113,113,113,,113,113
VGG19,6265,113,113,113,113,113,,113,113
VGG19,6939,113,113,113,113,113,,113,113
VGG19,6206,113,113,113,113,113,,113,113
VGG19,7175,113,113,113,113,113,,113,113
VGG19,6449,113,113,113,113,113,,113,113
VGG19,6119,113,113,113,113,113,,113,113
VGG19,5935,112,112,112,113,112,3,113,113
VGG19,6550,113,113,113,113,113,,113,113
VGG19,6929,113,113,113,113,113,,113,113
VGG19,6707,113,113,113,113,113,,113,113
VGG19,7094,113,113,113,113,113,,113,113
VGG19,6634,113,113,113,113,113,,113,113
VGG19,6480,113,113,113,113,113,,113,113
VGG19,6252,112,112,112,113,112,3,113,113
VGG19,6900,123,123,123,123,123,,123,123
VGG19,5834,123,123,123,123,123,,123,123
VGG19,6396,123,123,123,123,123,,123,123
VGG19,5787,113,113,113,123,113,2,123,123
VGG19,6190,122,122,122,122,122,,122,122
VGG19,7099,122,122,122,122,122,,122,122
VGG19,7219,122,122,122,122,122,,122,122
VGG19,6002,122,122,122,122,122,,122,122
VGG19,6817,122,122,122,122,122,,122,122
VGG19,6191,112,112,112,122,112,2,122,122
VGG19,6054,112,112,112,122,112,2,122,122
VGG19,6906,122,122,122,122,122,,122,122
VGG19,6521,122,122,122,122,122,,122,122
VGG19,6761,122,122,122,122,122,,122,122
VGG19,6689,112,112,112,122,112,2,122,122
VGG19,7156,122,122,122,122,122,,122,122
VGG19,7020,122,122,122,122,122,,122,122
VGG19,6922,122,122,122,122,122,,122,122
VGG19,6942,112,112,112,122,112,2,122,122
VGG19,6892,122,122,122,122,122,,122,122
VGG19,5729,122,122,122,122,122,,122,122
VGG19,6382,122,122,122,122,122,,122,122
VGG19,6405,112,112,112,122,112,2,122,122
VGG19,5772,112,112,112,122,112,2,122,122
VGG19,5899,122,122,122,122,122,,122,122
VGG19,7006,122,122,122,122,122,,122,122
VGG19,7155,122,122,122,122,122,,122,122
VGG19,5990,122,122,122,122,122,,122,122
VGG19,6698,112,112,112,122,112,2,122,122
VGG19,6462,122,122,122,122,122,,122,122
VGG19,6715,122,122,122,122,122,,122,122
VGG19,5692,122,122,122,122,122,,122,122
VGG19,6774,122,122,122,122,122,,122,122
VGG19,6784,122,122,122,122,122,,122,122
VGG19,6813,122,122,122,122,122,,122,122
VGG19,6222,122,122,122,122,122,,122,122
VGG19,6168,122,122,122,122,122,,122,122
VGG19,6411,111,111,111,122,111,2 3,122,122
VGG19,6169,122,122,122,122,122,,122,122
VGG19,7192,122,122,122,122,122,,122,122
VGG19,7266,112,112,112,122,112,2,122,122
VGG19,5951,112,112,112,122,112,2,122,122
VGG19,7251,112,112,112,122,112,2,122,122
VGG19,6818,112,112,112,122,112,2,122,122
VGG19,6786,122,122,122,122,122,,122,122
VGG19,6919,122,122,122,122,122,,122,122
VGG19,6456,122,122,122,122,122,,122,122
VGG19,6279,112,112,112,122,112,2,122,122
VGG19,6351,122,122,122,122,122,,122,122
VGG19,7256,112,112,112,122,112,2,122,122
VGG19,6336,1111,1111,1111,1211,1111,2,1211,1211
VGG19,5994,1111,1111,1111,1211,1111,2,1211,1211
VGG19,6615,1211,1211,1211,1211,1211,,1211,1211
VGG19,6137,1211,1211,1211,1211,1211,,1211,1211
VGG19,6102,1211,1211,1211,1211,1211,,1211,1211
VGG19,6320,1211,1211,1211,1211,1211,,1211,1211
VGG19,6149,1211,1211,1211,1211,1211,,1211,1211
VGG19,6230,1211,1211,1211,1211,1211,,1211,1211
VGG19,7238,1211,1211,1211,1211,1211,,1211,1211
VGG19,6514,1211,1211,1211,1211,1211,,1211,1211
VGG19,6744,1111,1111,1111,1211,1111,2,1211,1211
VGG19,7218,1211,1211,1211,1211,1211,,1211,1211
VGG19,6666,1111,1111,1111,1211,1111,2,1211,1211
VGG19,5968,1211,1211,1211,1211,1211,,1211,1211
VGG19,6856,1211,1211,1211,1211,1211,,1211,1211
VGG19,6814,1211,1211,1211,1211,1211,,1211,1211
VGG19,6568,1211,1211,1211,1211,1211,,1211,1211
VGG19,6430,1211,1211,1211,1211,1211,,1211,1211
VGG19,6563,1211,1211,1211,1211,1211,,1211,1211
VGG19,5850,1111,1111,1111,1211,1111,2,1211,1211
VGG19,6368,1111,1111,1111,1211,1111,2,1211,1211
VGG19,6148,1211,1211,1211,1211,1211,,1211,1211
VGG19,5885,1211,1211,1211,1211,1211,,1211,1211
VGG19,6605,1211,1211,1211,1211,1211,,1211,1211
VGG19,6800,1211,1211,1211,1211,1211,,1211,1211
VGG19,6842,1211,1211,1211,1211,1211,,1211,1211
VGG19,6738,11,11,11,11,11,,11,11
VGG19,6060,12,11,11,11,11,,11,11
VGG19,6284,11,11,11,11,11,,11,11
VGG19,6323,11,11,11,11,11,,11,11
VGG19,6134,11,11,11,11,11,,11,11
VGG19,6007,12,11,11,11,11,,11,11
VGG19,6471,11,11,11,11,11,,11,11
VGG19,6646,11,11,11,11,11,,11,11
VGG19,6451,11,11,11,11,11,,11,11
VGG19,6894,11,11,11,11,11,,11,11
VGG19,5763,11,11,11,11,11,,11,11
VGG19,5868,11,11,11,11,11,,11,11
VGG19,6167,11,11,11,11,11,,11,11
VGG19,5992,11,11,11,11,11,,11,11
VGG19,6425,11,11,11,11,11,,11,11
VGG19,5925,11,11,11,11,11,,11,11
VGG19,6000,11,11,11,11,11,,11,11
VGG19,6254,11,11,11,11,11,,11,11
VGG19,6219,11,11,11,11,11,,11,11
VGG19,5696,11,11,11,11,11,,11,11
VGG19,6468,11,11,11,11,11,,11,11
VGG19,5874,11,11,11,11,11,,11,11
VGG19,6469,11,11,11,11,11,,11,11
VGG19,7108,11,11,11,11,11,,11,11
VGG19,7019,11,11,11,11,11,,11,11
VGG19,5794,11,11,11,11,11,,11,11
VGG19,6924,11,11,11,11,11,,11,11
VGG19,6434,11,11,11,11,11,,11,11
VGG19,6327,11,11,11,11,11,,11,11
VGG19,6442,11,11,11,11,11,,11,11
VGG19,6982,11,11,11,11,11,,11,11
VGG19,5705,11,11,11,11,11,,11,11
VGG19,6306,11,11,11,11,11,,11,11
VGG19,6059,11,11,11,11,11,,11,11
VGG19,6196,11,11,11,11,11,,11,11
VGG19,6033,11,11,11,11,11,,11,11
VGG19,6959,12,11,11,11,11,,11,11
VGG19,6985,11,11,11,11,11,,11,11
VGG19,6300,11,11,11,11,11,,11,11
VGG19,6349,11,11,11,11,11,,11,11
VGG19,6877,11,11,11,11,11,,11,11
VGG19,6448,11,11,11,11,11,,11,11
VGG19,6315,11,11,11,11,11,,11,11
VGG19,6440,11,11,11,11,11,,11,11
VGG19,5952,11,11,11,11,11,,11,11
VGG19,6602,11,11,11,11,11,,11,11
VGG19,5816,11,11,11,11,11,,11,11
VGG19,7111,11,11,11,11,11,,11,11
VGG19,6420,11,11,11,11,11,,11,11
VGG19,5996,11,11,11,11,11,,11,11
VGG19,6264,11,11,11,11,11,,11,11
VGG19,6452,11,11,11,11,11,,11,11
VGG19,6192,11,11,11,11,11,,11,11
VGG19,6433,11,11,11,11,11,,11,11
VGG19,5878,11,11,11,11,11,,11,11
VGG19,6633,12,11,11,11,11,,11,11
VGG19,6953,11,11,11,11,11,,11,11
VGG19,6509,12,11,11,11,11,,11,11
VGG19,6513,11,11,11,11,11,,11,11
VGG19,6989,11,11,11,11,11,,11,11
VGG19,6852,11,11,11,11,11,,11,11
VGG19,6543,11,11,11,11,11,,11,11
VGG19,6636,11,11,11,11,11,,11,11
VGG19,6090,11,11,11,11,11,,11,11
VGG19,7240,11,11,11,11,11,,11,11
VGG19,6232,11,11,11,11,11,,11,11
VGG19,5849,12,11,11,11,11,,11,11
VGG19,6935,11,11,11,11,11,,11,11
VGG19,6271,11,11,11,11,11,,11,11
VGG19,6787,11,11,11,11,11,,11,11
VGG19,7280,11,11,11,11,11,,11,11
VGG19,5746,11,11,11,11,11,,11,11
VGG19,6042,12,11,11,11,11,,11,11
VGG19,6708,11,11,11,11,11,,11,11
VGG19,6770,11,11,11,11,11,,11,11
VGG19,7193,11,11,11,11,11,,11,11
VGG19,6833,11,11,11,11,11,,11,11
VGG19,6352,11,11,11,11,11,,11,11
VGG19,6370,11,11,11,11,11,,11,11
VGG19,6204,11,11,11,11,11,,11,11
VGG19,6868,11,11,11,11,11,,11,11
VGG19,5752,11,11,11,11,11,,11,11
VGG19,6285,11,11,11,11,11,,11,11
VGG19,6364,11,11,11,11,11,,11,11
VGG19,5778,11,11,11,11,11,,11,11
VGG19,7276,11,11,11,11,11,,11,11
VGG19,6840,11,11,11,11,11,,11,11
VGG19,5760,11,11,11,11,11,,11,11
VGG19,6773,11,11,11,11,11,,11,11
VGG19,6209,11,11,11,11,11,,11,11
VGG19,6278,11,11,11,11,11,,11,11
VGG19,5791,11,11,11,11,11,,11,11
VGG19,6753,11,11,11,11,11,,11,11
VGG19,6694,11,11,11,11,11,,11,11
VGG19,6263,11,11,11,11,11,,11,11
VGG19,6105,11,11,11,11,11,,11,11
VGG19,6645,11,11,11,11,11,,11,11
VGG19,6885,11,11,11,11,11,,11,11
VGG19,6335,11,11,11,11,11,,11,11
VGG19,5730,11,11,11,11,11,,11,11
VGG19,6267,11,11,11,11,11,,11,11
VGG19,6681,11,11,11,11,11,,11,11
VGG19,5938,11,11,11,11,11,,11,11
VGG19,7037,11,11,11,11,11,,11,11
VGG19,6157,11,11,11,11,11,,11,11
VGG19,6516,11,11,11,11,11,,11,11
VGG19,6046,11,11,11,11,11,,11,11
VGG19,5742,11,11,11,11,11,,11,11
VGG19,6350,11,11,11,11,11,,11,11
VGG19,6239,12,11,11,11,11,,11,11
VGG19,6047,11,11,11,11,11,,11,11
VGG19,6949,12,11,11,11,11,,11,11
VGG19,7138,11,11,11,11,11,,11,11
VGG19,6174,11,11,11,11,11,,11,11
VGG19,6379,11,11,11,11,11,,11,11
VGG19,6538,11,11,11,11,11,,11,11
VGG19,5964,11,11,11,11,11,,11,11
VGG19,5941,11,11,11,11,11,,11,11
VGG19,6189,11,11,11,11,11,,11,11
VGG19,5867,11,11,11,11,11,,11,11
VGG19,6180,11,11,11,11,11,,11,11
VGG19,6175,11,11,11,11,11,,11,11
VGG19,7097,11,11,11,11,11,,11,11
VGG19,6710,12,11,11,11,11,,11,11
VGG19,6030,11,11,11,11,11,,11,11
VGG19,6079,11,11,11,11,11,,11,11
VGG19,5957,11,11,11,11,11,,11,11
VGG19,6441,11,11,11,11,11,,11,11
VGG19,5949,11,11,11,11,11,,11,11
VGG19,7148,11,11,11,11,11,,11,11
VGG19,6333,11,11,11,11,11,,11,11
VGG19,5709,11,11,11,11,11,,11,11
VGG19,6606,11,11,11,11,11,,11,11
VGG19,6576,11,11,11,11,11,,11,11
VGG19,6018,11,11,11,11,11,,11,11
VGG19,6709,11,11,11,11,11,,11,11
VGG19,6291,11,11,11,11,11,,11,11
VGG19,7182,11,11,11,11,11,,11,11
VGG19,7229,11,11,11,11,11,,11,11
VGG19,6422,11,11,11,11,11,,11,11
VGG19,5998,11,11,11,11,11,,11,11
VGG19,5904,11,11,11,11,11,,11,11
VGG19,6943,11,11,11,11,11,,11,11
VGG19,6737,11,11,11,11,11,,11,11
VGG19,5880,11,11,11,11,11,,11,11
VGG19,6177,11,11,11,11,11,,11,11
VGG19,6201,11,11,11,11,11,,11,11
VGG19,6822,11,11,11,11,11,,11,11
VGG19,6357,11,11,11,11,11,,11,11
VGG19,5896,11,11,11,11,11,,11,11
VGG19,5694,11,11,11,11,11,,11,11
VGG19,6144,11,11,11,11,11,,11,11
VGG19,6086,11,11,11,11,11,,11,11
VGG19,6967,11,11,11,11,11,,11,11
VGG19,6510,11,11,11,11,11,,11,11
VGG19,6087,11,11,11,11,11,,11,11
VGG19,6567,11,11,11,11,11,,11,11
VGG19,6037,11,11,11,11,11,,11,11
VGG19,6304,11,11,11,11,11,,11,11
VGG19,6637,11,11,11,11,11,,11,11
VGG19,6780,11,11,11,11,11,,11,11
VGG19,6663,11,11,11,11,11,,11,11
VGG19,7215,11,11,11,11,11,,11,11
VGG19,6771,11,11,11,11,11,,11,11
VGG19,6595,11,11,11,11,11,,11,11
VGG19,5958,11,11,11,11,11,,11,11
VGG19,6547,11,11,11,11,11,,11,11
VGG19,6684,11,11,11,11,11,,11,11
VGG19,6184,11,11,11,11,11,,11,11
VGG19,5740,11,11,11,11,11,,11,11
VGG19,6721,11,11,11,11,11,,11,11
VGG19,5815,11,11,11,11,11,,11,11
VGG19,6322,11,11,11,11,11,,11,11
VGG19,5910,11,11,11,11,11,,11,11
VGG19,6517,11,11,11,11,11,,11,11
VGG19,6528,11,11,11,11,11,,11,11
VGG19,6625,11,11,11,11,11,,11,11
VGG19,6039,11,11,11,11,11,,11,11
VGG19,6870,11,11,11,11,11,,11,11
VGG19,6407,11,11,11,11,11,,11,11
VGG19,5803,11,11,11,11,11,,11,11
VGG19,6269,11,11,11,11,11,,11,11
VGG19,5790,11,11,11,11,11,,11,11
VGG19,7260,11,11,11,11,11,,11,11
VGG19,6494,11,11,11,11,11,,11,11
VGG19,5950,11,11,11,11,11,,11,11
VGG19,5942,11,11,11,11,11,,11,11
VGG19,6289,11,11,11,11,11,,11,11
VGG19,6891,11,11,11,11,11,,11,11
VGG19,7005,11,11,11,11,11,,11,11
VGG19,6034,11,11,11,11,11,,11,11
VGG19,5915,11,11,11,11,11,,11,11
VGG19,6489,12,11,11,11,11,,11,11
VGG19,7195,11,11,11,11,11,,11,11
VGG19,6504,11,11,11,11,11,,11,11
VGG19,6734,11,11,11,11,11,,11,11
VGG19,6217,11,11,11,11,11,,11,11
VGG19,6159,11,11,11,11,11,,11,11
VGG19,6113,11,11,11,11,11,,11,11
VGG19,6940,11,11,11,11,11,,11,11
VGG19,6819,11,11,11,11,11,,11,11
VGG19,5853,11,11,11,11,11,,11,11
VGG19,5713,11,11,11,11,11,,11,11
VGG19,6373,11,11,11,11,11,,11,11
VGG19,6641,11,11,11,11,11,,11,11
VGG19,5852,11,11,11,11,11,,11,11
VGG19,6702,12,11,11,11,11,,11,11
VGG19,5712,11,11,11,11,11,,11,11
VGG19,6247,11,11,11,11,11,,11,11
VGG19,6313,11,11,11,11,11,,11,11
VGG19,6246,11,11,11,11,11,,11,11
VGG19,6783,11,11,11,11,11,,11,11
VGG19,6071,11,11,11,11,11,,11,11
VGG19,6720,11,11,11,11,11,,11,11
VGG19,5825,11,11,11,11,11,,11,11
VGG19,6208,11,11,11,11,11,,11,11
VGG19,6044,11,11,11,11,11,,11,11
VGG19,6995,11,11,11,11,11,,11,11
VGG19,5985,11,11,11,11,11,,11,11
VGG19,6652,11,11,11,11,11,,11,11
VGG19,6542,11,11,11,11,11,,11,11
VGG19,6834,11,11,11,11,11,,11,11
VGG19,7047,11,11,11,11,11,,11,11
VGG19,5930,11,11,11,11,11,,11,11
VGG19,6845,11,11,11,11,11,,11,11
VGG19,7078,11,11,11,11,11,,11,11
VGG19,6801,11,11,11,11,11,,11,11
VGG19,6670,11,11,11,11,11,,11,11
VGG19,5821,11,11,11,11,11,,11,11
VGG19,6372,11,11,11,11,11,,11,11
VGG19,6150,11,11,11,11,11,,11,11
VGG19,7213,11,11,11,11,11,,11,11
VGG19,7183,11,11,11,11,11,,11,11
VGG19,6166,11,11,11,11,11,,11,11
VGG19,6858,11,11,11,11,11,,11,11
VGG19,6240,11,11,11,11,11,,11,11
VGG19,5801,11,11,11,11,11,,11,11
VGG19,5726,11,11,11,11,11,,11,11
VGG19,6005,12,11,11,11,11,,11,11
VGG19,6260,11,11,11,11,11,,11,11
VGG19,6733,11,11,11,11,11,,11,11
VGG19,6742,11,11,11,11,11,,11,11
VGG19,6055,11,11,11,11,11,,11,11
VGG19,6155,11,11,11,11,11,,11,11
VGG19,6575,11,11,11,11,11,,11,11
VGG19,6390,11,11,11,11,11,,11,11
VGG19,6537,11,11,11,11,11,,11,11
VGG19,6598,11,11,11,11,11,,11,11
VGG19,6488,11,11,11,11,11,,11,11
VGG19,7049,11,11,11,11,11,,11,11
VGG19,6161,11,11,11,11,11,,11,11
VGG19,6326,11,11,11,11,11,,11,11
VGG19,6635,11,11,11,11,11,,11,11
VGG19,6356,11,11,11,11,11,,11,11
VGG19,6519,11,11,11,11,11,,11,11
VGG19,6564,11,11,11,11,11,,11,11
VGG19,6414,11,11,11,11,11,,11,11
VGG19,5881,11,11,11,11,11,,11,11
VGG19,5700,11,11,11,11,11,,11,11
VGG19,6986,11,11,11,11,11,,11,11
VGG19,6198,11,11,11,11,11,,11,11
VGG19,6459,11,11,11,11,11,,11,11
VGG19,6073,11,11,11,11,11,,11,11
VGG19,6069,12,11,11,11,11,,11,11
VGG19,5698,11,11,11,11,11,,11,11
VGG19,6385,11,11,11,11,11,,11,11
VGG19,5999,11,11,11,11,11,,11,11
VGG19,6481,11,11,11,11,11,,11,11
VGG19,6321,11,11,11,11,11,,11,11
VGG19,6899,11,11,11,11,11,,11,11
VGG19,6566,11,11,11,11,11,,11,11
VGG19,6076,11,11,11,11,11,,11,11
VGG19,5701,12,11,11,11,11,,11,11
VGG19,6253,11,11,11,11,11,,11,11
VGG19,6371,11,11,11,11,11,,11,11
VGG19,6354,11,11,11,11,11,,11,11
VGG19,5933,11,11,11,11,11,,11,11
VGG19,5735,11,11,11,11,11,,11,11
VGG19,6629,11,11,11,11,11,,11,11
VGG19,7067,11,11,11,11,11,,11,11
VGG19,5734,11,11,11,11,11,,11,11
VGG19,7104,11,11,11,11,11,,11,11
VGG19,6016,11,11,11,11,11,,11,11
VGG19,6975,12,11,11,11,11,,11,11
VGG19,6012,11,11,11,11,11,,11,11
VGG19,6402,11,11,11,11,11,,11,11
VGG19,5955,11,11,11,11,11,,11,11
VGG19,6142,11,11,11,11,11,,11,11
VGG19,6286,11,11,11,11,11,,11,11
VGG19,6228,11,11,11,11,11,,11,11
VGG19,6387,11,11,11,11,11,,11,11
VGG19,7210,11,11,11,11,11,,11,11
VGG19,6619,11,11,11,11,11,,11,11
VGG19,7126,11,11,11,11,11,,11,11
VGG19,6094,11,11,11,11,11,,11,11
VGG19,5865,11,11,11,11,11,,11,11
VGG19,6065,11,11,11,11,11,,11,11
VGG19,6096,11,11,11,11,11,,11,11
VGG19,7259,11,11,11,11,11,,11,11
VGG19,5693,12,11,11,11,11,,11,11
VGG19,6185,11,11,11,11,11,,11,11
VGG19,6346,11,11,11,11,11,,11,11
VGG19,6251,11,11,11,11,11,,11,11
VGG19,5921,11,11,11,11,11,,11,11
VGG19,7158,11,11,11,11,11,,11,11
VGG19,6178,11,11,11,11,11,,11,11
VGG19,6394,11,11,11,11,11,,11,11
VGG19,6013,11,11,11,11,11,,11,11
VGG19,6281,11,11,11,11,11,,11,11
VGG19,6824,11,11,11,11,11,,11,11
VGG19,6025,11,11,11,11,11,,11,11
VGG19,6415,12,11,11,11,11,,11,11
VGG19,6594,11,11,11,11,11,,11,11
VGG19,6324,11,11,11,11,11,,11,11
VGG19,6266,11,11,11,11,11,,11,11
VGG19,5966,11,11,11,11,11,,11,11
VGG19,5890,11,11,11,11,11,,11,11
VGG19,7157,12,11,11,11,11,,11,11
VGG19,6893,11,11,11,11,11,,11,11
VGG19,6873,11,11,11,11,11,,11,11
VGG19,6024,11,11,11,11,11,,11,11
VGG19,5832,11,11,11,11,11,,11,11
VGG19,6669,11,11,11,11,11,,11,11
VGG19,6829,11,11,11,11,11,,11,11
VGG19,7075,11,11,11,11,11,,11,11
VGG19,6816,11,11,11,11,11,,11,11
VGG19,5761,11,11,11,11,11,,11,11
VGG19,5856,11,11,11,11,11,,11,11
VGG19,6651,11,11,11,11,11,,11,11
VGG19,6170,12,11,11,11,11,,11,11
VGG19,5976,11,11,11,11,11,,11,11
VGG19,6536,11,11,11,11,11,,11,11
VGG19,6957,11,11,11,11,11,,11,11
VGG19,5943,11,11,11,11,11,,11,11
VGG19,6492,11,11,11,11,11,,11,11
VGG19,6723,11,11,11,11,11,,11,11
VGG19,6389,11,11,11,11,11,,11,11
VGG19,6132,11,11,11,11,11,,11,11
VGG19,7012,11,11,11,11,11,,11,11
VGG19,6426,1211,1211,1211,1212,1211,4,1212,1212
VGG19,6068,111,111,111,112,111,3,112,112
VGG19,6883,112,112,112,112,112,,112,112
VGG19,5855,112,112,112,112,112,,112,112
VGG19,6869,112,112,112,112,112,,112,112
VGG19,7076,112,112,112,112,112,,112,112
VGG19,7268,112,112,112,112,112,,112,112
VGG19,7227,112,112,112,112,112,,112,112
VGG19,5848,112,112,112,112,112,,112,112
VGG19,7153,112,112,112,112,112,,112,112
VGG19,6911,111,111,111,112,111,3,112,112
VGG19,7224,112,112,112,112,112,,112,112
VGG19,5892,112,112,112,112,112,,112,112
VGG19,6640,112,112,112,112,112,,112,112
VGG19,5839,112,112,112,112,112,,112,112
VGG19,6628,112,112,112,112,112,,112,112
VGG19,5869,112,112,112,112,112,,112,112
VGG19,6757,112,112,112,112,112,,112,112
VGG19,7257,112,112,112,112,112,,112,112
VGG19,5922,112,112,112,112,112,,112,112
VGG19,7133,112,112,112,112,112,,112,112
VGG19,5802,112,112,112,112,112,,112,112
VGG19,6791,112,112,112,112,112,,112,112
VGG19,6843,112,112,112,112,112,,112,112
VGG19,7119,112,112,112,112,112,,112,112
VGG19,6585,112,112,112,112,112,,112,112
VGG19,7086,112,112,112,112,112,,112,112
VGG19,6994,112,112,112,112,112,,112,112
VGG19,7032,112,112,112,112,112,,112,112
VGG19,5728,112,112,112,112,112,,112,112
VGG19,5965,112,112,112,112,112,,112,112
VGG19,6367,112,112,112,112,112,,112,112
VGG19,6437,112,112,112,112,112,,112,112
VGG19,6325,112,112,112,112,112,,112,112
VGG19,7025,112,112,112,112,112,,112,112
VGG19,6223,112,112,112,112,112,,112,112
VGG19,7258,112,112,112,112,112,,112,112
VGG19,7031,112,112,112,112,112,,112,112
VGG19,5927,112,112,112,112,112,,112,112
VGG19,6107,112,112,112,112,112,,112,112
VGG19,6740,112,112,112,112,112,,112,112
VGG19,6992,112,112,112,112,112,,112,112
VGG19,6518,112,112,112,112,112,,112,112
VGG19,5695,112,112,112,112,112,,112,112
VGG19,6789,112,112,112,112,112,,112,112
VGG19,5859,112,112,112,112,112,,112,112
VGG19,6302,112,112,112,112,112,,112,112
VGG19,6950,112,112,112,112,112,,112,112
VGG19,6151,112,112,112,112,112,,112,112
VGG19,6700,112,112,112,112,112,,112,112
VGG19,5753,112,112,112,112,112,,112,112
VGG19,5751,112,112,112,112,112,,112,112
VGG19,6056,112,112,112,112,112,,112,112
VGG19,6280,112,112,112,112,112,,112,112
VGG19,7137,112,112,112,112,112,,112,112
VGG19,6904,112,112,112,112,112,,112,112
VGG19,6072,111,111,111,112,111,3,112,112
VGG19,5936,112,112,112,112,112,,112,112
VGG19,7101,112,112,112,112,112,,112,112
VGG19,5780,112,112,112,112,112,,112,112
VGG19,6584,112,112,112,112,112,,112,112
VGG19,5756,112,112,112,112,112,,112,112
VGG19,6479,112,112,112,112,112,,112,112
VGG19,5836,112,112,112,112,112,,112,112
VGG19,6125,112,112,112,112,112,,112,112
VGG19,6848,112,112,112,112,112,,112,112
VGG19,6875,112,112,112,112,112,,112,112
VGG19,6854,112,112,112,112,112,,112,112
VGG19,6562,112,112,112,112,112,,112,112
VGG19,6775,112,112,112,112,112,,112,112
VGG19,6526,112,112,112,112,112,,112,112
VGG19,5805,112,112,112,112,112,,112,112
VGG19,6417,112,112,112,112,112,,112,112
VGG19,6496,112,112,112,112,112,,112,112
VGG19,6966,112,112,112,112,112,,112,112
VGG19,6398,112,112,112,112,112,,112,112
VGG19,7206,112,112,112,112,112,,112,112
VGG19,6477,11,11,11,112,112,,112,112
VGG19,6793,112,112,112,112,112,,112,112
VGG19,5786,112,112,112,112,112,,112,112
VGG19,6182,112,112,112,112,112,,112,112
VGG19,7011,112,112,112,112,112,,112,112
VGG19,6909,112,112,112,112,112,,112,112
VGG19,6839,112,112,112,112,112,,112,112
VGG19,6752,112,112,112,112,112,,112,112
VGG19,6032,112,112,112,112,112,,112,112
VGG19,6523,112,112,112,112,112,,112,112
VGG19,6578,112,112,112,112,112,,112,112
VGG19,5750,112,112,112,112,112,,112,112
VGG19,6561,112,112,112,112,112,,112,112
VGG19,7267,112,112,112,112,112,,112,112
VGG19,7237,112,112,112,112,112,,112,112
VGG19,6797,112,112,112,112,112,,112,112
VGG19,7144,112,112,112,112,112,,112,112
VGG19,6609,112,112,112,112,112,,112,112
VGG19,5900,112,112,112,112,112,,112,112
VGG19,7114,112,112,112,112,112,,112,112
VGG19,6401,112,112,112,112,112,,112,112
VGG19,6311,112,112,112,112,112,,112,112
VGG19,6804,112,112,112,112,112,,112,112
VGG19,5722,112,112,112,112,112,,112,112
VGG19,6014,11,11,11,12,11,2,12,12
VGG19,5783,11,11,11,12,11,2,12,12
VGG19,5895,12,12,12,12,12,,12,12
VGG19,5967,12,12,12,12,12,,12,12
VGG19,5871,12,12,12,12,12,,12,12
VGG19,5876,11,11,11,12,11,2,12,12
VGG19,5781,12,12,12,12,12,,12,12
VGG19,6416,11,11,11,12,11,2,12,12
VGG19,6534,11,11,11,12,11,2,12,12
VGG19,5830,11,11,11,12,11,2,12,12
VGG19,6719,11,11,11,12,11,2,12,12
VGG19,5928,12,12,12,12,12,,12,12
VGG19,6725,12,11,11,12,11,2,12,12
VGG19,5765,12,12,12,12,12,,12,12
VGG19,5835,12,12,12,12,12,,12,12
VGG19,5707,12,12,12,12,12,,12,12
VGG19,5808,12,12,12,12,12,,12,12
VGG19,6097,111,111,111,113,111,3 3,113,112
VGG19,6051,112,112,112,113,112,3,113,112
VGG19,7228,122,122,122,112,112,,112,112
VGG19,5804,122,122,122,122,122,,122,22
VGG19,6294,122,122,122,122,122,,122,1211
VGG19,6639,111,111,111,112,111,2 3,112,112
VGG19,6369,112,112,112,112,112,2,112,112
VGG19,5862,112,112,112,122,112,2,122,1211
VGG19,6569,112,112,112,122,112,2,122,112
VGG19,6697,122,122,122,122,122,,122,1211
VGG19,6812,112,112,112,122,112,2,122,1211
VGG19,6474,11,11,11,12,12,,12,12
VGG19,6384,11,11,11,12,12,,12,12
VGG19,5731,111,111,111,111,111,,111,111
VGG19,6293,11,11,11,12,12,,12,12
VGG19,5919,11,11,11,12,12,,12,12
VGG19,6711,112,112,112,122,122,,122,122
VGG19,6397,11,11,11,12,11,2,12,11
VGG19,6226,11,11,11,12,11,2,12,11
VGG19,6003,11,11,11,12,11,2,12,11
