5690,1111,1111,1111,,0,1,1111,22,0,0,0,0,0,1,1,0
5692,122,122,122,,0,1,122,122,1,1,1,0,0,0,0,1
5693,12,11,11,,0,0,11,11,1,0,0,1,0,0,0,0
5694,11,11,11,,0,1,11,11,1,1,1,0,0,0,0,1
5695,112,112,112,,0,1,112,112,1,1,1,0,0,0,0,1
5696,11,11,11,,0,1,11,11,1,1,1,0,0,0,0,1
5698,11,11,11,,0,1,11,11,1,1,1,0,0,0,0,1
5699,113,113,113,,0,1,113,113,1,1,1,0,0,0,0,1
5700,11,11,11,,0,1,11,11,1,1,1,0,0,0,0,1
5701,12,11,11,,0,0,11,11,1,0,0,1,0,0,0,0
5702,113,113,113,,0,1,113,113,1,1,1,0,0,0,0,1
5705,11,11,11,,0,1,11,11,1,1,1,0,0,0,0,1
5706,113,113,113,,0,1,113,113,1,1,1,0,0,0,0,1
5707,12,12,12,,0,1,12,12,1,1,1,0,0,0,0,1
5708,111,111,111,,0,1,111,111,1,1,1,0,0,0,0,1
5709,11,11,11,,0,1,11,11,1,1,1,0,0,0,0,1
5710,113,113,113,,0,1,113,113,1,1,1,0,0,0,0,1
5711,113,113,113,,0,1,113,113,1,1,1,0,0,0,0,1
5712,11,11,11,,0,1,11,11,1,1,1,0,0,0,0,1
5713,11,11,11,,0,1,11,11,1,1,1,0,0,0,0,1
5722,112,112,112,,0,1,112,112,1,1,1,0,0,0,0,1
5723,113,113,113,,0,1,113,113,1,1,1,0,0,0,0,1
5724,113,113,113,,0,1,113,113,1,1,1,0,0,0,0,1
5725,112,113,112,3,1,1,113,113,1,0,0,0,0,1,0,1
5726,11,11,11,,0,1,11,11,1,1,1,0,0,0,0,1
5727,113,113,113,,0,1,113,113,1,1,1,0,0,0,0,1
5728,112,112,112,,0,1,112,112,1,1,1,0,0,0,0,1
5729,122,122,122,,0,1,122,122,1,1,1,0,0,0,0,1
5730,11,11,11,,0,1,11,11,1,1,1,0,0,0,0,1
5731,111,111,111,,0,1,111,111,1,1,1,0,0,0,0,1
5734,11,11,11,,0,1,11,11,1,1,1,0,0,0,0,1
5735,11,11,11,,0,1,11,11,1,1,1,0,0,0,0,1
5737,112,112,112,,0,1,112,22,0,0,0,0,0,1,1,0
5738,113,113,113,,0,1,113,113,1,1,1,0,0,0,0,1
5739,113,113,113,,0,1,113,113,1,1,1,0,0,0,0,1
5740,11,11,11,,0,1,11,11,1,1,1,0,0,0,0,1
5741,112,113,112,3,1,1,113,113,1,0,0,0,0,1,0,1
5742,11,11,11,,0,1,11,11,1,1,1,0,0,0,0,1
5743,113,113,113,,0,1,113,113,1,1,1,0,0,0,0,1
5744,112,113,112,3,1,1,113,113,1,0,0,0,0,1,0,1
5745,113,113,113,,0,1,113,113,1,1,1,0,0,0,0,1
5746,11,11,11,,0,1,11,11,1,1,1,0,0,0,0,1
5747,113,113,113,,0,1,113,113,1,1,1,0,0,0,0,1
5748,113,113,113,,0,1,113,113,1,1,1,0,0,0,0,1
5749,113,113,113,,0,1,113,113,1,1,1,0,0,0,0,1
5750,112,112,112,,0,1,112,112,1,1,1,0,0,0,0,1
5751,112,112,112,,0,1,112,112,1,1,1,0,0,0,0,1
5752,11,11,11,,0,1,11,11,1,1,1,0,0,0,0,1
5753,112,112,112,,0,1,112,112,1,1,1,0,0,0,0,1
5755,111,111,111,,0,1,111,111,1,1,1,0,0,0,0,1
5756,112,112,112,,0,1,112,112,1,1,1,0,0,0,0,1
5757,113,113,113,,0,1,113,113,1,1,1,0,0,0,0,1
5758,113,113,113,,0,1,113,113,1,1,1,0,0,0,0,1
5759,113,113,113,,0,1,113,113,1,1,1,0,0,0,0,1
5760,11,11,11,,0,1,11,11,1,1,1,0,0,0,0,1
5761,11,11,11,,0,1,11,11,1,1,1,0,0,0,0,1
5763,11,11,11,,0,1,11,11,1,1,1,0,0,0,0,1
5764,113,113,113,,0,1,113,113,1,1,1,0,0,0,0,1
5765,12,12,12,,0,1,12,12,1,1,1,0,0,0,0,1
5767,113,113,113,,0,1,113,113,1,1,1,0,0,0,0,1
5769,113,113,113,,0,1,113,113,1,1,1,0,0,0,0,1
5770,113,113,113,,0,1,113,113,1,1,1,0,0,0,0,1
5772,112,122,112,2,1,1,122,122,1,0,0,0,0,1,0,1
5775,111,111,111,,0,1,111,111,1,1,1,0,0,0,0,1
5776,113,113,113,,0,1,113,113,1,1,1,0,0,0,0,1
5777,112,113,112,3,1,1,113,113,1,0,0,0,0,1,0,1
5778,11,11,11,,0,1,11,11,1,1,1,0,0,0,0,1
5779,113,113,113,,0,1,113,113,1,1,1,0,0,0,0,1
5780,112,112,112,,0,1,112,112,1,1,1,0,0,0,0,1
5781,12,12,12,,0,1,12,12,1,1,1,0,0,0,0,1
5783,11,12,11,2,1,1,12,12,1,0,0,0,0,1,0,1
5784,113,113,113,,0,1,113,113,1,1,1,0,0,0,0,1
5786,112,112,112,,0,1,112,112,1,1,1,0,0,0,0,1
5787,113,123,113,2,1,1,123,112,0,0,0,0,0,1,0,0
5788,113,113,113,,0,1,113,113,1,1,1,0,0,0,0,1
5789,113,113,113,,0,1,113,113,1,1,1,0,0,0,0,1
5790,11,11,11,,0,1,11,11,1,1,1,0,0,0,0,1
5791,11,11,11,,0,1,11,11,1,1,1,0,0,0,0,1
5792,113,113,113,,0,1,113,113,1,1,1,0,0,0,0,1
5793,113,113,113,,0,1,113,113,1,1,1,0,0,0,0,1
5794,11,11,11,,0,1,11,11,1,1,1,0,0,0,0,1
5795,113,113,113,,0,1,113,113,1,1,1,0,0,0,0,1
5796,22,22,22,,0,1,22,22,1,1,1,0,0,0,0,1
5799,113,113,113,,0,1,113,113,1,1,1,0,0,0,0,1
5801,11,11,11,,0,1,11,11,1,1,1,0,0,0,0,1
5802,112,112,112,,0,1,112,112,1,1,1,0,0,0,0,1
5803,11,11,11,,0,1,11,11,1,1,1,0,0,0,0,1
5804,122,122,122,,0,1,122,22,0,0,0,0,0,1,1,0
5805,112,112,112,,0,1,112,112,1,1,1,0,0,0,0,1
5808,12,12,12,,0,1,12,12,1,1,1,0,0,0,0,1
5810,1111,113,113,,0,0,113,113,1,0,0,1,0,0,0,0
5811,113,113,113,,0,1,113,113,1,1,1,0,0,0,0,1
5812,113,113,113,,0,1,113,113,1,1,1,0,0,0,0,1
5815,11,11,11,,0,1,11,11,1,1,1,0,0,0,0,1
5816,11,11,11,,0,1,11,11,1,1,1,0,0,0,0,1
5817,113,113,113,,0,1,113,113,1,1,1,0,0,0,0,1
5819,113,113,113,,0,1,113,113,1,1,1,0,0,0,0,1
5820,113,113,113,,0,1,113,113,1,1,1,0,0,0,0,1
5821,11,11,11,,0,1,11,11,1,1,1,0,0,0,0,1
5822,112,113,112,3,1,1,113,113,1,0,0,0,0,1,0,1
5823,112,113,112,3,1,1,113,113,1,0,0,0,0,1,0,1
5825,11,11,11,,0,1,11,11,1,1,1,0,0,0,0,1
5826,113,113,113,,0,1,113,113,1,1,1,0,0,0,0,1
5830,11,12,11,2,1,1,12,12,1,0,0,0,0,1,0,1
5831,112,113,112,3,1,1,113,113,1,0,0,0,0,1,0,1
5832,11,11,11,,0,1,11,11,1,1,1,0,0,0,0,1
5834,123,123,123,,0,1,123,123,1,1,1,0,0,0,0,1
5835,12,12,12,,0,1,12,12,1,1,1,0,0,0,0,1
5836,112,112,112,,0,1,112,112,1,1,1,0,0,0,0,1
5839,112,112,112,,0,1,112,112,1,1,1,0,0,0,0,1
5840,113,113,113,,0,1,113,113,1,1,1,0,0,0,0,1
5841,112,113,112,3,1,1,113,113,1,0,0,0,0,1,0,1
5842,113,113,113,,0,1,113,113,1,1,1,0,0,0,0,1
5848,112,112,112,,0,1,112,112,1,1,1,0,0,0,0,1
5849,12,11,11,,0,0,11,11,1,0,0,1,0,0,0,0
5850,1111,122,112,2,1,0,122,113,0,0,0,1,0,0,0,0
5851,113,113,113,,0,1,113,113,1,1,1,0,0,0,0,1
5852,11,11,11,,0,1,11,11,1,1,1,0,0,0,0,1
5853,11,11,11,,0,1,11,11,1,1,1,0,0,0,0,1
5854,113,113,113,,0,1,113,113,1,1,1,0,0,0,0,1
5855,112,112,112,,0,1,112,112,1,1,1,0,0,0,0,1
5856,11,11,11,,0,1,11,11,1,1,1,0,0,0,0,1
5857,112,113,112,3,1,1,113,113,1,0,0,0,0,1,0,1
5858,113,113,113,,0,1,113,113,1,1,1,0,0,0,0,1
5859,112,112,112,,0,1,112,112,1,1,1,0,0,0,0,1
5861,113,113,113,,0,1,113,113,1,1,1,0,0,0,0,1
5862,112,122,112,2,1,1,122,122,1,0,0,0,0,1,0,1
5863,113,113,113,,0,1,113,113,1,1,1,0,0,0,0,1
5864,113,113,113,,0,1,113,113,1,1,1,0,0,0,0,1
5865,11,11,11,,0,1,11,11,1,1,1,0,0,0,0,1
5867,11,11,11,,0,1,11,11,1,1,1,0,0,0,0,1
5868,11,11,11,,0,1,11,11,1,1,1,0,0,0,0,1
5869,112,112,112,,0,1,112,112,1,1,1,0,0,0,0,1
5870,113,113,113,,0,1,113,113,1,1,1,0,0,0,0,1
5871,12,12,12,,0,1,12,12,1,1,1,0,0,0,0,1
5873,113,113,113,,0,1,113,113,1,1,1,0,0,0,0,1
5874,11,11,11,,0,1,11,11,1,1,1,0,0,0,0,1
5875,113,113,113,,0,1,113,113,1,1,1,0,0,0,0,1
5876,11,12,11,2,1,1,12,22,0,0,0,0,0,1,0,0
5877,113,113,113,,0,1,113,113,1,1,1,0,0,0,0,1
5878,11,11,11,,0,1,11,11,1,1,1,0,0,0,0,1
5879,112,113,112,3,1,1,113,113,1,0,0,0,0,1,0,1
5880,11,11,11,,0,1,11,11,1,1,1,0,0,0,0,1
5881,11,11,11,,0,1,11,11,1,1,1,0,0,0,0,1
5882,112,113,112,3,1,1,113,113,1,0,0,0,0,1,0,1
5883,113,113,113,,0,1,113,113,1,1,1,0,0,0,0,1
5884,113,113,113,,0,1,113,113,1,1,1,0,0,0,0,1
5885,1211,122,122,,0,0,122,122,1,0,0,1,0,0,0,0
5886,113,113,113,,0,1,113,113,1,1,1,0,0,0,0,1
5890,11,11,11,,0,1,11,11,1,1,1,0,0,0,0,1
5892,112,112,112,,0,1,112,112,1,1,1,0,0,0,0,1
5893,112,113,112,3,1,1,113,113,1,0,0,0,0,1,0,1
5894,113,113,113,,0,1,113,113,1,1,1,0,0,0,0,1
5895,12,12,12,,0,1,12,22,0,0,0,0,0,1,1,0
5896,11,11,11,,0,1,11,11,1,1,1,0,0,0,0,1
5897,113,113,113,,0,1,113,113,1,1,1,0,0,0,0,1
5898,113,113,113,,0,1,113,123,0,0,0,0,0,1,1,0
5899,122,122,122,,0,1,122,122,1,1,1,0,0,0,0,1
5900,112,112,112,,0,1,112,112,1,1,1,0,0,0,0,1
5901,113,113,113,,0,1,113,113,1,1,1,0,0,0,0,1
5902,113,113,113,,0,1,113,113,1,1,1,0,0,0,0,1
5903,112,113,112,3,1,1,113,113,1,0,0,0,0,1,0,1
5904,11,11,11,,0,1,11,11,1,1,1,0,0,0,0,1
5905,113,113,113,,0,1,113,113,1,1,1,0,0,0,0,1
5906,113,113,113,,0,1,113,113,1,1,1,0,0,0,0,1
5907,113,113,113,,0,1,113,113,1,1,1,0,0,0,0,1
5909,113,113,113,,0,1,113,113,1,1,1,0,0,0,0,1
5910,11,11,11,,0,1,11,11,1,1,1,0,0,0,0,1
5911,113,113,113,,0,1,113,113,1,1,1,0,0,0,0,1
5915,11,11,11,,0,1,11,11,1,1,1,0,0,0,0,1
5919,11,12,12,,0,0,12,12,1,0,0,1,0,0,0,0
5920,113,113,113,,0,1,113,113,1,1,1,0,0,0,0,1
5921,11,11,11,,0,1,11,11,1,1,1,0,0,0,0,1
5922,112,112,112,,0,1,112,112,1,1,1,0,0,0,0,1
5924,113,113,113,,0,1,113,113,1,1,1,0,0,0,0,1
5925,11,11,11,,0,1,11,11,1,1,1,0,0,0,0,1
5927,112,112,112,,0,1,112,112,1,1,1,0,0,0,0,1
5928,12,12,12,,0,1,12,12,1,1,1,0,0,0,0,1
5929,113,113,113,,0,1,113,113,1,1,1,0,0,0,0,1
5930,11,11,11,,0,1,11,11,1,1,1,0,0,0,0,1
5933,11,11,11,,0,1,11,11,1,1,1,0,0,0,0,1
5934,113,113,113,,0,1,113,113,1,1,1,0,0,0,0,1
5935,112,113,112,3,1,1,113,113,1,0,0,0,0,1,0,1
5936,112,112,112,,0,1,112,112,1,1,1,0,0,0,0,1
5937,113,113,113,,0,1,113,113,1,1,1,0,0,0,0,1
5938,11,11,11,,0,1,11,11,1,1,1,0,0,0,0,1
5940,113,113,113,,0,1,113,113,1,1,1,0,0,0,0,1
5941,11,11,11,,0,1,11,11,1,1,1,0,0,0,0,1
5942,11,11,11,,0,1,11,11,1,1,1,0,0,0,0,1
5943,11,11,11,,0,1,11,11,1,1,1,0,0,0,0,1
5944,113,113,113,,0,1,113,113,1,1,1,0,0,0,0,1
5945,113,113,113,,0,1,113,113,1,1,1,0,0,0,0,1
5949,11,11,11,,0,1,11,11,1,1,1,0,0,0,0,1
5950,11,11,11,,0,1,11,11,1,1,1,0,0,0,0,1
5951,112,122,112,2,1,1,122,122,1,0,0,0,0,1,0,1
5952,11,11,11,,0,1,11,11,1,1,1,0,0,0,0,1
5953,111,111,111,,0,1,111,111,1,1,1,0,0,0,0,1
5954,113,113,113,,0,1,113,113,1,1,1,0,0,0,0,1
5955,11,11,11,,0,1,11,11,1,1,1,0,0,0,0,1
5956,113,113,113,,0,1,113,113,1,1,1,0,0,0,0,1
5957,11,11,11,,0,1,11,11,1,1,1,0,0,0,0,1
5958,11,11,11,,0,1,11,11,1,1,1,0,0,0,0,1
5960,111,111,111,,0,1,111,111,1,1,1,0,0,0,0,1
5964,11,11,11,,0,1,11,11,1,1,1,0,0,0,0,1
5965,112,112,112,,0,1,112,112,1,1,1,0,0,0,0,1
5966,11,11,11,,0,1,11,11,1,1,1,0,0,0,0,1
5967,12,12,12,,0,1,12,12,1,1,1,0,0,0,0,1
5968,1211,1211,1211,,0,1,1211,1211,1,1,1,0,0,0,0,1
5969,113,113,113,,0,1,113,113,1,1,1,0,0,0,0,1
5970,113,113,113,,0,1,113,113,1,1,1,0,0,0,0,1
5973,113,113,113,,0,1,113,113,1,1,1,0,0,0,0,1
5974,113,113,113,,0,1,113,113,1,1,1,0,0,0,0,1
5975,113,113,113,,0,1,113,113,1,1,1,0,0,0,0,1
5976,11,11,11,,0,1,11,11,1,1,1,0,0,0,0,1
5977,113,113,113,,0,1,113,113,1,1,1,0,0,0,0,1
5978,112,113,112,3,1,1,113,113,1,0,0,0,0,1,0,1
5979,113,113,113,,0,1,113,113,1,1,1,0,0,0,0,1
5980,113,113,113,,0,1,113,113,1,1,1,0,0,0,0,1
5982,113,113,113,,0,1,113,113,1,1,1,0,0,0,0,1
5984,113,113,113,,0,1,113,113,1,1,1,0,0,0,0,1
5985,11,11,11,,0,1,11,11,1,1,1,0,0,0,0,1
5986,113,113,113,,0,1,113,113,1,1,1,0,0,0,0,1
5988,113,113,113,,0,1,113,113,1,1,1,0,0,0,0,1
5989,113,113,113,,0,1,113,113,1,1,1,0,0,0,0,1
5990,122,122,122,,0,1,122,122,1,1,1,0,0,0,0,1
5991,113,113,113,,0,1,113,113,1,1,1,0,0,0,0,1
5992,11,11,11,,0,1,11,11,1,1,1,0,0,0,0,1
5994,1111,1211,1111,2,1,1,1211,1211,1,0,0,0,0,1,0,1
5996,11,11,11,,0,1,11,11,1,1,1,0,0,0,0,1
5998,11,11,11,,0,1,11,11,1,1,1,0,0,0,0,1
5999,11,11,11,,0,1,11,11,1,1,1,0,0,0,0,1
6000,11,11,11,,0,1,11,11,1,1,1,0,0,0,0,1
6002,122,122,122,,0,1,122,122,1,1,1,0,0,0,0,1
6003,11,12,11,2,1,1,12,11,0,1,1,0,0,0,0,0
6004,113,113,113,,0,1,113,113,1,1,1,0,0,0,0,1
6005,12,11,11,,0,0,11,11,1,0,0,1,0,0,0,0
6007,12,11,11,,0,0,11,11,1,0,0,1,0,0,0,0
6008,113,113,113,,0,1,113,113,1,1,1,0,0,0,0,1
6010,113,113,113,,0,1,113,113,1,1,1,0,0,0,0,1
6011,113,113,113,,0,1,113,113,1,1,1,0,0,0,0,1
6012,11,11,11,,0,1,11,11,1,1,1,0,0,0,0,1
6013,11,11,11,,0,1,11,11,1,1,1,0,0,0,0,1
6014,11,12,11,2,1,1,12,12,1,0,0,0,0,1,0,1
6016,11,11,11,,0,1,11,11,1,1,1,0,0,0,0,1
6017,113,113,113,,0,1,113,113,1,1,1,0,0,0,0,1
6018,11,11,11,,0,1,11,11,1,1,1,0,0,0,0,1
6020,112,113,112,3,1,1,113,113,1,0,0,0,0,1,0,1
6024,11,11,11,,0,1,11,11,1,1,1,0,0,0,0,1
6025,11,11,11,,0,1,11,11,1,1,1,0,0,0,0,1
6026,1111,1111,1111,,0,1,1111,1111,1,1,1,0,0,0,0,1
6027,113,113,113,,0,1,113,113,1,1,1,0,0,0,0,1
6028,112,113,112,3,1,1,113,113,1,0,0,0,0,1,0,1
6029,113,113,113,,0,1,113,113,1,1,1,0,0,0,0,1
6030,11,11,11,,0,1,11,11,1,1,1,0,0,0,0,1
6032,112,112,112,,0,1,112,112,1,1,1,0,0,0,0,1
6033,11,11,11,,0,1,11,11,1,1,1,0,0,0,0,1
6034,11,11,11,,0,1,11,11,1,1,1,0,0,0,0,1
6035,113,113,113,,0,1,113,113,1,1,1,0,0,0,0,1
6036,113,113,113,,0,1,113,113,1,1,1,0,0,0,0,1
6037,11,11,11,,0,1,11,11,1,1,1,0,0,0,0,1
6039,11,11,11,,0,1,11,11,1,1,1,0,0,0,0,1
6041,1222,1222,1222,,0,1,1222,1222,1,1,1,0,0,0,0,1
6042,12,11,11,,0,0,11,11,1,0,0,1,0,0,0,0
6044,11,11,11,,0,1,11,11,1,1,1,0,0,0,0,1
6045,113,113,113,,0,1,113,113,1,1,1,0,0,0,0,1
6046,11,11,11,,0,1,11,11,1,1,1,0,0,0,0,1
6047,11,11,11,,0,1,11,11,1,1,1,0,0,0,0,1
6051,112,113,112,3,1,1,113,22,0,0,0,0,0,1,0,0
6054,112,122,112,2,1,1,122,122,1,0,0,0,0,1,0,1
6055,11,11,11,,0,1,11,11,1,1,1,0,0,0,0,1
6056,112,112,112,,0,1,112,112,1,1,1,0,0,0,0,1
6058,113,113,113,,0,1,113,113,1,1,1,0,0,0,0,1
6059,11,11,11,,0,1,11,11,1,1,1,0,0,0,0,1
6060,12,11,11,,0,0,11,11,1,0,0,1,0,0,0,0
6061,113,113,113,,0,1,113,113,1,1,1,0,0,0,0,1
6062,113,113,113,,0,1,113,113,1,1,1,0,0,0,0,1
6064,112,113,112,3,1,1,113,113,1,0,0,0,0,1,0,1
6065,11,11,11,,0,1,11,11,1,1,1,0,0,0,0,1
6066,113,113,113,,0,1,113,113,1,1,1,0,0,0,0,1
6068,111,112,111,3,1,1,112,112,1,0,0,0,0,1,0,1
6069,12,11,11,,0,0,11,11,1,0,0,1,0,0,0,0
6070,113,113,113,,0,1,113,113,1,1,1,0,0,0,0,1
6071,11,11,11,,0,1,11,11,1,1,1,0,0,0,0,1
6072,111,112,111,3,1,1,112,112,1,0,0,0,0,1,0,1
6073,11,11,11,,0,1,11,11,1,1,1,0,0,0,0,1
6075,113,113,113,,0,1,113,113,1,1,1,0,0,0,0,1
6076,11,11,11,,0,1,11,11,1,1,1,0,0,0,0,1
6077,113,113,113,,0,1,113,113,1,1,1,0,0,0,0,1
6078,113,113,113,,0,1,113,113,1,1,1,0,0,0,0,1
6079,11,11,11,,0,1,11,11,1,1,1,0,0,0,0,1
6082,112,113,112,3,1,1,113,113,1,0,0,0,0,1,0,1
6084,113,113,113,,0,1,113,113,1,1,1,0,0,0,0,1
6086,11,11,11,,0,1,11,11,1,1,1,0,0,0,0,1
6087,11,11,11,,0,1,11,11,1,1,1,0,0,0,0,1
6089,113,113,113,,0,1,113,113,1,1,1,0,0,0,0,1
6090,11,11,11,,0,1,11,11,1,1,1,0,0,0,0,1
6091,113,113,113,,0,1,113,113,1,1,1,0,0,0,0,1
6092,113,113,113,,0,1,113,113,1,1,1,0,0,0,0,1
6093,113,113,113,,0,1,113,113,1,1,1,0,0,0,0,1
6094,11,11,11,,0,1,11,11,1,1,1,0,0,0,0,1
6096,11,11,11,,0,1,11,11,1,1,1,0,0,0,0,1
6097,111,113,111,3 3,1,1,113,112,0,0,0,0,0,1,0,0
6102,1211,1211,1211,,0,1,1211,1211,1,1,1,0,0,0,0,1
6103,113,113,113,,0,1,113,113,1,1,1,0,0,0,0,1
6104,113,113,113,,0,1,113,113,1,1,1,0,0,0,0,1
6105,11,11,11,,0,1,11,11,1,1,1,0,0,0,0,1
6107,112,112,112,,0,1,112,112,1,1,1,0,0,0,0,1
6108,113,113,113,,0,1,113,113,1,1,1,0,0,0,0,1
6113,11,11,11,,0,1,11,11,1,1,1,0,0,0,0,1
6114,113,113,113,,0,1,113,113,1,1,1,0,0,0,0,1
6117,113,113,113,,0,1,113,113,1,1,1,0,0,0,0,1
6119,113,113,113,,0,1,113,113,1,1,1,0,0,0,0,1
6120,112,113,112,3,1,1,113,113,1,0,0,0,0,1,0,1
6121,112,113,112,3,1,1,113,113,1,0,0,0,0,1,0,1
6123,112,113,112,3,1,1,113,113,1,0,0,0,0,1,0,1
6125,112,112,112,,0,1,112,112,1,1,1,0,0,0,0,1
6128,113,113,113,,0,1,113,113,1,1,1,0,0,0,0,1
6130,22,22,22,,0,1,22,22,1,1,1,0,0,0,0,1
6131,22,22,22,,0,1,22,22,1,1,1,0,0,0,0,1
6132,11,11,11,,0,1,11,11,1,1,1,0,0,0,0,1
6133,113,113,113,,0,1,113,113,1,1,1,0,0,0,0,1
6134,11,11,11,,0,1,11,11,1,1,1,0,0,0,0,1
6135,113,113,113,,0,1,113,113,1,1,1,0,0,0,0,1
6136,113,113,113,,0,1,113,113,1,1,1,0,0,0,0,1
6137,1211,1211,1211,,0,1,1211,1211,1,1,1,0,0,0,0,1
6138,113,113,113,,0,1,113,113,1,1,1,0,0,0,0,1
6139,113,113,113,,0,1,113,113,1,1,1,0,0,0,0,1
6141,113,113,113,,0,1,113,113,1,1,1,0,0,0,0,1
6142,11,11,11,,0,1,11,11,1,1,1,0,0,0,0,1
6144,11,11,11,,0,1,11,11,1,1,1,0,0,0,0,1
6146,113,113,113,,0,1,113,113,1,1,1,0,0,0,0,1
6148,1211,1211,1211,,0,1,1211,1211,1,1,1,0,0,0,0,1
6149,1211,1211,1211,,0,1,1211,1211,1,1,1,0,0,0,0,1
6150,11,11,11,,0,1,11,11,1,1,1,0,0,0,0,1
6151,112,112,112,,0,1,112,112,1,1,1,0,0,0,0,1
6152,113,113,113,,0,1,113,113,1,1,1,0,0,0,0,1
6153,113,113,113,,0,1,113,113,1,1,1,0,0,0,0,1
6154,113,113,113,,0,1,113,113,1,1,1,0,0,0,0,1
6155,11,11,11,,0,1,11,11,1,1,1,0,0,0,0,1
6156,112,113,112,3,1,1,113,113,1,0,0,0,0,1,0,1
6157,11,11,11,,0,1,11,11,1,1,1,0,0,0,0,1
6159,11,11,11,,0,1,11,11,1,1,1,0,0,0,0,1
6160,113,113,113,,0,1,113,113,1,1,1,0,0,0,0,1
6161,11,11,11,,0,1,11,11,1,1,1,0,0,0,0,1
6163,113,113,113,,0,1,113,113,1,1,1,0,0,0,0,1
6166,11,11,11,,0,1,11,11,1,1,1,0,0,0,0,1
6167,11,11,11,,0,1,11,11,1,1,1,0,0,0,0,1
6168,122,122,122,,0,1,122,122,1,1,1,0,0,0,0,1
6169,122,122,122,,0,1,122,122,1,1,1,0,0,0,0,1
6170,12,11,11,,0,0,11,11,1,0,0,1,0,0,0,0
6171,111,111,111,,0,1,111,111,1,1,1,0,0,0,0,1
6173,113,113,113,,0,1,113,113,1,1,1,0,0,0,0,1
6174,11,11,11,,0,1,11,11,1,1,1,0,0,0,0,1
6175,11,11,11,,0,1,11,11,1,1,1,0,0,0,0,1
6176,113,113,113,,0,1,113,113,1,1,1,0,0,0,0,1
6177,11,11,11,,0,1,11,11,1,1,1,0,0,0,0,1
6178,11,11,11,,0,1,11,11,1,1,1,0,0,0,0,1
6179,113,113,113,,0,1,113,113,1,1,1,0,0,0,0,1
6180,11,11,11,,0,1,11,11,1,1,1,0,0,0,0,1
6182,112,112,112,,0,1,112,112,1,1,1,0,0,0,0,1
6183,113,113,113,,0,1,113,113,1,1,1,0,0,0,0,1
6184,11,11,11,,0,1,11,11,1,1,1,0,0,0,0,1
6185,11,11,11,,0,1,11,11,1,1,1,0,0,0,0,1
6186,113,113,113,,0,1,113,113,1,1,1,0,0,0,0,1
6187,113,113,113,,0,1,113,113,1,1,1,0,0,0,0,1
6188,113,113,113,,0,1,113,113,1,1,1,0,0,0,0,1
6189,11,11,11,,0,1,11,11,1,1,1,0,0,0,0,1
6190,122,122,122,,0,1,122,122,1,1,1,0,0,0,0,1
6191,112,122,112,2,1,1,122,122,1,0,0,0,0,1,0,1
6192,11,11,11,,0,1,11,11,1,1,1,0,0,0,0,1
6193,113,113,113,,0,1,113,113,1,1,1,0,0,0,0,1
6194,112,113,112,3,1,1,113,113,1,0,0,0,0,1,0,1
6196,11,11,11,,0,1,11,11,1,1,1,0,0,0,0,1
6197,112,113,112,3,1,1,113,113,1,0,0,0,0,1,0,1
6198,11,11,11,,0,1,11,11,1,1,1,0,0,0,0,1
6199,113,113,113,,0,1,113,113,1,1,1,0,0,0,0,1
6200,112,113,112,3,1,1,113,113,1,0,0,0,0,1,0,1
6201,11,11,11,,0,1,11,11,1,1,1,0,0,0,0,1
6202,113,113,113,,0,1,113,113,1,1,1,0,0,0,0,1
6203,113,113,113,,0,1,113,113,1,1,1,0,0,0,0,1
6204,11,11,11,,0,1,11,11,1,1,1,0,0,0,0,1
6205,113,113,113,,0,1,113,113,1,1,1,0,0,0,0,1
6206,113,113,113,,0,1,113,113,1,1,1,0,0,0,0,1
6208,11,11,11,,0,1,11,11,1,1,1,0,0,0,0,1
6209,11,11,11,,0,1,11,11,1,1,1,0,0,0,0,1
6213,113,113,113,,0,1,113,113,1,1,1,0,0,0,0,1
6214,112,113,112,3,1,1,113,113,1,0,0,0,0,1,0,1
6215,113,113,113,,0,1,113,113,1,1,1,0,0,0,0,1
6216,113,113,113,,0,1,113,113,1,1,1,0,0,0,0,1
6217,11,11,11,,0,1,11,11,1,1,1,0,0,0,0,1
6219,11,11,11,,0,1,11,11,1,1,1,0,0,0,0,1
6220,113,113,113,,0,1,113,113,1,1,1,0,0,0,0,1
6222,122,122,122,,0,1,122,122,1,1,1,0,0,0,0,1
6223,112,112,112,,0,1,112,112,1,1,1,0,0,0,0,1
6224,113,113,113,,0,1,113,113,1,1,1,0,0,0,0,1
6225,113,113,113,,0,1,113,113,1,1,1,0,0,0,0,1
6226,11,12,11,2,1,1,12,12,1,0,0,0,0,1,0,1
6227,113,113,113,,0,1,113,113,1,1,1,0,0,0,0,1
6228,11,11,11,,0,1,11,11,1,1,1,0,0,0,0,1
6230,1211,1211,1211,,0,1,1211,1211,1,1,1,0,0,0,0,1
6232,11,11,11,,0,1,11,11,1,1,1,0,0,0,0,1
6233,112,113,112,3,1,1,113,113,1,0,0,0,0,1,0,1
6235,113,113,113,,0,1,113,113,1,1,1,0,0,0,0,1
6238,113,113,113,,0,1,113,113,1,1,1,0,0,0,0,1
6239,12,11,11,,0,0,11,11,1,0,0,1,0,0,0,0
6240,11,11,11,,0,1,11,11,1,1,1,0,0,0,0,1
6241,113,113,113,,0,1,113,113,1,1,1,0,0,0,0,1
6243,113,113,113,,0,1,113,113,1,1,1,0,0,0,0,1
6245,112,113,112,3,1,1,113,113,1,0,0,0,0,1,0,1
6246,11,11,11,,0,1,11,12,0,0,0,0,0,1,1,0
6247,11,11,11,,0,1,11,11,1,1,1,0,0,0,0,1
6249,113,113,113,,0,1,113,113,1,1,1,0,0,0,0,1
6250,113,113,113,,0,1,113,113,1,1,1,0,0,0,0,1
6251,11,11,11,,0,1,11,11,1,1,1,0,0,0,0,1
6252,112,113,112,3,1,1,113,113,1,0,0,0,0,1,0,1
6253,11,11,11,,0,1,11,11,1,1,1,0,0,0,0,1
6254,11,11,11,,0,1,11,11,1,1,1,0,0,0,0,1
6255,113,113,113,,0,1,113,113,1,1,1,0,0,0,0,1
6256,113,113,113,,0,1,113,113,1,1,1,0,0,0,0,1
6260,11,11,11,,0,1,11,11,1,1,1,0,0,0,0,1
6262,113,113,113,,0,1,113,113,1,1,1,0,0,0,0,1
6263,11,11,11,,0,1,11,11,1,1,1,0,0,0,0,1
6264,11,11,11,,0,1,11,11,1,1,1,0,0,0,0,1
6265,113,113,113,,0,1,113,113,1,1,1,0,0,0,0,1
6266,11,11,11,,0,1,11,11,1,1,1,0,0,0,0,1
6267,11,11,11,,0,1,11,11,1,1,1,0,0,0,0,1
6268,112,113,112,3,1,1,113,113,1,0,0,0,0,1,0,1
6269,11,11,11,,0,1,11,11,1,1,1,0,0,0,0,1
6271,11,11,11,,0,1,11,11,1,1,1,0,0,0,0,1
6272,113,113,113,,0,1,113,113,1,1,1,0,0,0,0,1
6273,113,113,113,,0,1,113,113,1,1,1,0,0,0,0,1
6274,113,113,113,,0,1,113,113,1,1,1,0,0,0,0,1
6278,11,11,11,,0,1,11,11,1,1,1,0,0,0,0,1
6279,112,122,112,2,1,1,122,122,1,0,0,0,0,1,0,1
6280,112,112,112,,0,1,112,112,1,1,1,0,0,0,0,1
6281,11,11,11,,0,1,11,11,1,1,1,0,0,0,0,1
6282,113,113,113,,0,1,113,113,1,1,1,0,0,0,0,1
6284,11,11,11,,0,1,11,11,1,1,1,0,0,0,0,1
6285,11,11,11,,0,1,11,11,1,1,1,0,0,0,0,1
6286,11,11,11,,0,1,11,11,1,1,1,0,0,0,0,1
6289,11,11,11,,0,1,11,11,1,1,1,0,0,0,0,1
6290,112,113,112,3,1,1,113,113,1,0,0,0,0,1,0,1
6291,11,11,11,,0,1,11,11,1,1,1,0,0,0,0,1
6292,113,113,113,,0,1,113,113,1,1,1,0,0,0,0,1
6293,11,12,12,,0,0,12,12,1,0,0,1,0,0,0,0
6294,122,122,122,,0,1,122,122,1,1,1,0,0,0,0,1
6295,113,113,113,,0,1,113,113,1,1,1,0,0,0,0,1
6297,113,113,113,,0,1,113,113,1,1,1,0,0,0,0,1
6299,113,113,113,,0,1,113,113,1,1,1,0,0,0,0,1
6300,11,11,11,,0,1,11,11,1,1,1,0,0,0,0,1
6301,113,113,113,,0,1,113,113,1,1,1,0,0,0,0,1
6302,112,112,112,,0,1,112,112,1,1,1,0,0,0,0,1
6304,11,11,11,,0,1,11,11,1,1,1,0,0,0,0,1
6306,11,11,11,,0,1,11,11,1,1,1,0,0,0,0,1
6309,113,113,113,,0,1,113,113,1,1,1,0,0,0,0,1
6311,112,112,112,,0,1,112,111,0,0,0,0,0,1,1,0
6312,113,113,113,,0,1,113,113,1,1,1,0,0,0,0,1
6313,11,11,11,,0,1,11,11,1,1,1,0,0,0,0,1
6315,11,11,11,,0,1,11,11,1,1,1,0,0,0,0,1
6318,113,113,113,,0,1,113,113,1,1,1,0,0,0,0,1
6319,113,113,113,,0,1,113,113,1,1,1,0,0,0,0,1
6320,1211,1211,1211,,0,1,1211,1211,1,1,1,0,0,0,0,1
6321,11,11,11,,0,1,11,11,1,1,1,0,0,0,0,1
6322,11,11,11,,0,1,11,11,1,1,1,0,0,0,0,1
6323,11,11,11,,0,1,11,11,1,1,1,0,0,0,0,1
6324,11,11,11,,0,1,11,11,1,1,1,0,0,0,0,1
6325,112,112,112,,0,1,112,112,1,1,1,0,0,0,0,1
6326,11,11,11,,0,1,11,11,1,1,1,0,0,0,0,1
6327,11,11,11,,0,1,11,11,1,1,1,0,0,0,0,1
6328,112,113,112,3,1,1,113,113,1,0,0,0,0,1,0,1
6331,112,113,112,3,1,1,113,113,1,0,0,0,0,1,0,1
6333,11,11,11,,0,1,11,11,1,1,1,0,0,0,0,1
6335,11,11,11,,0,1,11,11,1,1,1,0,0,0,0,1
6336,1111,1211,1111,2,1,1,1211,1211,1,0,0,0,0,1,0,1
6338,113,113,113,,0,1,113,113,1,1,1,0,0,0,0,1
6339,113,113,113,,0,1,113,113,1,1,1,0,0,0,0,1
6343,113,113,113,,0,1,113,113,1,1,1,0,0,0,0,1
6344,113,113,113,,0,1,113,113,1,1,1,0,0,0,0,1
6346,11,11,11,,0,1,11,11,1,1,1,0,0,0,0,1
6349,11,11,11,,0,1,11,11,1,1,1,0,0,0,0,1
6350,11,11,11,,0,1,11,11,1,1,1,0,0,0,0,1
6351,122,122,122,,0,1,122,122,1,1,1,0,0,0,0,1
6352,11,11,11,,0,1,11,11,1,1,1,0,0,0,0,1
6354,11,11,11,,0,1,11,11,1,1,1,0,0,0,0,1
6356,11,11,11,,0,1,11,11,1,1,1,0,0,0,0,1
6357,11,11,11,,0,1,11,11,1,1,1,0,0,0,0,1
6359,112,113,112,3,1,1,113,113,1,0,0,0,0,1,0,1
6360,113,113,113,,0,1,113,113,1,1,1,0,0,0,0,1
6364,11,11,11,,0,1,11,11,1,1,1,0,0,0,0,1
6367,112,112,112,,0,1,112,112,1,1,1,0,0,0,0,1
6368,1111,1211,1111,2,1,1,1211,1211,1,0,0,0,0,1,0,1
6369,112,122,112,2,1,1,122,122,1,0,0,0,0,1,0,1
6370,11,11,11,,0,1,11,11,1,1,1,0,0,0,0,1
6371,11,11,11,,0,1,11,11,1,1,1,0,0,0,0,1
6372,11,11,11,,0,1,11,11,1,1,1,0,0,0,0,1
6373,11,11,11,,0,1,11,11,1,1,1,0,0,0,0,1
6374,112,113,112,3,1,1,113,113,1,0,0,0,0,1,0,1
6375,112,113,112,3,1,1,113,113,1,0,0,0,0,1,0,1
6376,113,113,113,,0,1,113,113,1,1,1,0,0,0,0,1
6378,113,113,113,,0,1,113,113,1,1,1,0,0,0,0,1
6379,11,11,11,,0,1,11,11,1,1,1,0,0,0,0,1
6380,113,113,113,,0,1,113,113,1,1,1,0,0,0,0,1
6382,122,122,122,,0,1,122,122,1,1,1,0,0,0,0,1
6383,113,113,113,,0,1,113,113,1,1,1,0,0,0,0,1
6384,11,12,12,,0,0,12,12,1,0,0,1,0,0,0,0
6385,11,11,11,,0,1,11,11,1,1,1,0,0,0,0,1
6387,11,11,11,,0,1,11,11,1,1,1,0,0,0,0,1
6388,113,113,113,,0,1,113,113,1,1,1,0,0,0,0,1
6389,11,11,11,,0,1,11,11,1,1,1,0,0,0,0,1
6390,11,11,11,,0,1,11,11,1,1,1,0,0,0,0,1
6391,113,113,113,,0,1,113,113,1,1,1,0,0,0,0,1
6392,113,113,113,,0,1,113,113,1,1,1,0,0,0,0,1
6394,11,11,11,,0,1,11,11,1,1,1,0,0,0,0,1
6395,113,113,113,,0,1,113,113,1,1,1,0,0,0,0,1
6396,123,123,123,,0,1,123,123,1,1,1,0,0,0,0,1
6397,11,12,11,2,1,1,12,12,1,0,0,0,0,1,0,1
6398,112,112,112,,0,1,112,112,1,1,1,0,0,0,0,1
6399,112,113,112,3,1,1,113,113,1,0,0,0,0,1,0,1
6400,113,113,113,,0,1,113,113,1,1,1,0,0,0,0,1
6401,112,112,112,,0,1,112,112,1,1,1,0,0,0,0,1
6402,11,11,11,,0,1,11,11,1,1,1,0,0,0,0,1
6403,113,113,113,,0,1,113,113,1,1,1,0,0,0,0,1
6404,113,113,113,,0,1,113,113,1,1,1,0,0,0,0,1
6405,112,122,112,2,1,1,122,122,1,0,0,0,0,1,0,1
6406,113,113,113,,0,1,113,113,1,1,1,0,0,0,0,1
6407,11,11,11,,0,1,11,11,1,1,1,0,0,0,0,1
6408,113,113,113,,0,1,113,113,1,1,1,0,0,0,0,1
6411,111,122,111,2 3,1,1,122,122,1,0,0,0,0,1,0,1
6412,113,113,113,,0,1,113,113,1,1,1,0,0,0,0,1
6413,113,113,113,,0,1,113,113,1,1,1,0,0,0,0,1
6414,11,11,11,,0,1,11,11,1,1,1,0,0,0,0,1
6415,12,11,11,,0,0,11,11,1,0,0,1,0,0,0,0
6416,11,12,11,2,1,1,12,12,1,0,0,0,0,1,0,1
6417,112,112,112,,0,1,112,112,1,1,1,0,0,0,0,1
6419,113,113,113,,0,1,113,113,1,1,1,0,0,0,0,1
6420,11,11,11,,0,1,11,11,1,1,1,0,0,0,0,1
6421,113,113,113,,0,1,113,113,1,1,1,0,0,0,0,1
6422,11,11,11,,0,1,11,11,1,1,1,0,0,0,0,1
6423,113,113,113,,0,1,113,113,1,1,1,0,0,0,0,1
6424,113,113,113,,0,1,113,113,1,1,1,0,0,0,0,1
6425,11,11,11,,0,1,11,11,1,1,1,0,0,0,0,1
6426,1211,1212,1211,4,1,1,1212,1212,1,0,0,0,0,1,0,1
6427,113,113,113,,0,1,113,113,1,1,1,0,0,0,0,1
6428,113,113,113,,0,1,113,113,1,1,1,0,0,0,0,1
6430,1211,1211,1211,,0,1,1211,1211,1,1,1,0,0,0,0,1
6431,112,113,112,3,1,1,113,113,1,0,0,0,0,1,0,1
6432,113,113,113,,0,1,113,113,1,1,1,0,0,0,0,1
6433,11,11,11,,0,1,11,11,1,1,1,0,0,0,0,1
6434,11,11,11,,0,1,11,11,1,1,1,0,0,0,0,1
6435,113,113,113,,0,1,113,113,1,1,1,0,0,0,0,1
6436,22,22,22,,0,1,22,22,1,1,1,0,0,0,0,1
6437,112,112,112,,0,1,112,112,1,1,1,0,0,0,0,1
6438,113,113,113,,0,1,113,113,1,1,1,0,0,0,0,1
6439,113,113,113,,0,1,113,113,1,1,1,0,0,0,0,1
6440,11,11,11,,0,1,11,11,1,1,1,0,0,0,0,1
6441,11,11,11,,0,1,11,11,1,1,1,0,0,0,0,1
6442,11,11,11,,0,1,11,11,1,1,1,0,0,0,0,1
6443,113,113,113,,0,1,113,113,1,1,1,0,0,0,0,1
6444,113,113,113,,0,1,113,113,1,1,1,0,0,0,0,1
6445,113,113,113,,0,1,113,113,1,1,1,0,0,0,0,1
6448,11,11,11,,0,1,11,11,1,1,1,0,0,0,0,1
6449,113,113,113,,0,1,113,113,1,1,1,0,0,0,0,1
6450,112,113,112,3,1,1,113,113,1,0,0,0,0,1,0,1
6451,11,11,11,,0,1,11,11,1,1,1,0,0,0,0,1
6452,11,11,11,,0,1,11,11,1,1,1,0,0,0,0,1
6454,113,113,113,,0,1,113,113,1,1,1,0,0,0,0,1
6456,122,122,122,,0,1,122,122,1,1,1,0,0,0,0,1
6457,113,113,113,,0,1,113,113,1,1,1,0,0,0,0,1
6458,113,113,113,,0,1,113,113,1,1,1,0,0,0,0,1
6459,11,11,11,,0,1,11,11,1,1,1,0,0,0,0,1
6460,113,113,113,,0,1,113,113,1,1,1,0,0,0,0,1
6461,113,113,113,,0,1,113,113,1,1,1,0,0,0,0,1
6462,122,122,122,,0,1,122,122,1,1,1,0,0,0,0,1
6463,113,113,113,,0,1,113,113,1,1,1,0,0,0,0,1
6467,112,113,112,3,1,1,113,113,1,0,0,0,0,1,0,1
6468,11,11,11,,0,1,11,11,1,1,1,0,0,0,0,1
6469,11,11,11,,0,1,11,11,1,1,1,0,0,0,0,1
6470,113,113,113,,0,1,113,113,1,1,1,0,0,0,0,1
6471,11,11,11,,0,1,11,11,1,1,1,0,0,0,0,1
6474,11,12,12,,0,0,12,12,1,0,0,1,0,0,0,0
6475,113,113,113,,0,1,113,113,1,1,1,0,0,0,0,1
6476,113,113,113,,0,1,113,113,1,1,1,0,0,0,0,1
6477,11,112,112,,0,0,112,112,1,0,0,1,0,0,0,0
6478,112,113,112,3,1,1,113,113,1,0,0,0,0,1,0,1
6479,112,112,112,,0,1,112,112,1,1,1,0,0,0,0,1
6480,113,113,113,,0,1,113,113,1,1,1,0,0,0,0,1
6481,11,11,11,,0,1,11,11,1,1,1,0,0,0,0,1
6483,113,113,113,,0,1,113,113,1,1,1,0,0,0,0,1
6484,113,113,113,,0,1,113,113,1,1,1,0,0,0,0,1
6487,113,113,113,,0,1,113,113,1,1,1,0,0,0,0,1
6488,11,11,11,,0,1,11,11,1,1,1,0,0,0,0,1
6489,12,11,11,,0,0,11,11,1,0,0,1,0,0,0,0
6491,113,113,113,,0,1,113,113,1,1,1,0,0,0,0,1
6492,11,11,11,,0,1,11,11,1,1,1,0,0,0,0,1
6493,113,113,113,,0,1,113,113,1,1,1,0,0,0,0,1
6494,11,11,11,,0,1,11,11,1,1,1,0,0,0,0,1
6495,113,113,113,,0,1,113,113,1,1,1,0,0,0,0,1
6496,112,112,112,,0,1,112,112,1,1,1,0,0,0,0,1
6502,1111,1112,1111,4,1,1,1112,1112,1,0,0,0,0,1,0,1
6503,113,113,113,,0,1,113,113,1,1,1,0,0,0,0,1
6504,11,11,11,,0,1,11,11,1,1,1,0,0,0,0,1
6509,12,11,11,,0,0,11,11,1,0,0,1,0,0,0,0
6510,11,11,11,,0,1,11,11,1,1,1,0,0,0,0,1
6513,11,11,11,,0,1,11,11,1,1,1,0,0,0,0,1
6514,1211,1211,1211,,0,1,1211,1211,1,1,1,0,0,0,0,1
6515,113,113,113,,0,1,113,113,1,1,1,0,0,0,0,1
6516,11,11,11,,0,1,11,11,1,1,1,0,0,0,0,1
6517,11,11,11,,0,1,11,11,1,1,1,0,0,0,0,1
6518,112,112,112,,0,1,112,112,1,1,1,0,0,0,0,1
6519,11,11,11,,0,1,11,11,1,1,1,0,0,0,0,1
6521,122,122,122,,0,1,122,122,1,1,1,0,0,0,0,1
6523,112,112,112,,0,1,112,112,1,1,1,0,0,0,0,1
6524,113,113,113,,0,1,113,113,1,1,1,0,0,0,0,1
6525,113,113,113,,0,1,113,113,1,1,1,0,0,0,0,1
6526,112,112,112,,0,1,112,112,1,1,1,0,0,0,0,1
6527,113,113,113,,0,1,113,113,1,1,1,0,0,0,0,1
6528,11,11,11,,0,1,11,11,1,1,1,0,0,0,0,1
6530,113,113,113,,0,1,113,113,1,1,1,0,0,0,0,1
6531,112,113,112,3,1,1,113,113,1,0,0,0,0,1,0,1
6532,113,113,113,,0,1,113,113,1,1,1,0,0,0,0,1
6534,11,12,11,2,1,1,12,12,1,0,0,0,0,1,0,1
6535,113,113,113,,0,1,113,113,1,1,1,0,0,0,0,1
6536,11,11,11,,0,1,11,11,1,1,1,0,0,0,0,1
6537,11,11,11,,0,1,11,11,1,1,1,0,0,0,0,1
6538,11,11,11,,0,1,11,11,1,1,1,0,0,0,0,1
6540,113,113,113,,0,1,113,113,1,1,1,0,0,0,0,1
6542,11,11,11,,0,1,11,11,1,1,1,0,0,0,0,1
6543,11,11,11,,0,1,11,11,1,1,1,0,0,0,0,1
6544,113,113,113,,0,1,113,113,1,1,1,0,0,0,0,1
6545,113,113,113,,0,1,113,113,1,1,1,0,0,0,0,1
6547,11,11,11,,0,1,11,11,1,1,1,0,0,0,0,1
6550,113,113,113,,0,1,113,113,1,1,1,0,0,0,0,1
6553,113,113,113,,0,1,113,113,1,1,1,0,0,0,0,1
6555,113,113,113,,0,1,113,113,1,1,1,0,0,0,0,1
6556,113,113,113,,0,1,113,113,1,1,1,0,0,0,0,1
6557,113,113,113,,0,1,113,113,1,1,1,0,0,0,0,1
6561,112,112,112,,0,1,112,112,1,1,1,0,0,0,0,1
6562,112,112,112,,0,1,112,112,1,1,1,0,0,0,0,1
6563,1211,1211,1211,,0,1,1211,1211,1,1,1,0,0,0,0,1
6564,11,11,11,,0,1,11,11,1,1,1,0,0,0,0,1
6566,11,11,11,,0,1,11,11,1,1,1,0,0,0,0,1
6567,11,11,11,,0,1,11,11,1,1,1,0,0,0,0,1
6568,1211,1211,1211,,0,1,1211,1211,1,1,1,0,0,0,0,1
6569,112,122,112,2,1,1,122,122,1,0,0,0,0,1,0,1
6572,113,113,113,,0,1,113,113,1,1,1,0,0,0,0,1
6573,113,113,113,,0,1,113,113,1,1,1,0,0,0,0,1
6574,113,113,113,,0,1,113,113,1,1,1,0,0,0,0,1
6575,11,11,11,,0,1,11,11,1,1,1,0,0,0,0,1
6576,11,11,11,,0,1,11,11,1,1,1,0,0,0,0,1
6578,112,112,112,,0,1,112,112,1,1,1,0,0,0,0,1
6583,113,113,113,,0,1,113,113,1,1,1,0,0,0,0,1
6584,112,112,112,,0,1,112,112,1,1,1,0,0,0,0,1
6585,112,112,112,,0,1,112,112,1,1,1,0,0,0,0,1
6591,113,113,113,,0,1,113,113,1,1,1,0,0,0,0,1
6592,113,113,113,,0,1,113,113,1,1,1,0,0,0,0,1
6593,113,113,113,,0,1,113,113,1,1,1,0,0,0,0,1
6594,11,11,11,,0,1,11,11,1,1,1,0,0,0,0,1
6595,11,11,11,,0,1,11,11,1,1,1,0,0,0,0,1
6598,11,11,11,,0,1,11,11,1,1,1,0,0,0,0,1
6599,113,113,113,,0,1,113,113,1,1,1,0,0,0,0,1
6600,113,113,113,,0,1,113,113,1,1,1,0,0,0,0,1
6601,113,113,113,,0,1,113,113,1,1,1,0,0,0,0,1
6602,11,11,11,,0,1,11,11,1,1,1,0,0,0,0,1
6605,1211,1211,1211,,0,1,1211,1211,1,1,1,0,0,0,0,1
6606,11,11,11,,0,1,11,11,1,1,1,0,0,0,0,1
6607,113,113,113,,0,1,113,113,1,1,1,0,0,0,0,1
6608,113,113,113,,0,1,113,113,1,1,1,0,0,0,0,1
6609,112,112,112,,0,1,112,112,1,1,1,0,0,0,0,1
6610,113,113,113,,0,1,113,113,1,1,1,0,0,0,0,1
6611,112,113,112,3,1,1,113,113,1,0,0,0,0,1,0,1
6612,112,113,112,3,1,1,113,113,1,0,0,0,0,1,0,1
6613,1111,112,112,,0,0,112,113,0,0,0,1,0,0,0,0
6615,1211,1211,1211,,0,1,1211,1211,1,1,1,0,0,0,0,1
6616,112,113,112,3,1,1,113,113,1,0,0,0,0,1,0,1
6619,11,11,11,,0,1,11,11,1,1,1,0,0,0,0,1
6623,113,113,113,,0,1,113,113,1,1,1,0,0,0,0,1
6624,113,113,113,,0,1,113,113,1,1,1,0,0,0,0,1
6625,11,11,11,,0,1,11,11,1,1,1,0,0,0,0,1
6626,113,113,113,,0,1,113,113,1,1,1,0,0,0,0,1
6627,112,113,112,3,1,1,113,113,1,0,0,0,0,1,0,1
6628,112,112,112,,0,1,112,112,1,1,1,0,0,0,0,1
6629,11,11,11,,0,1,11,11,1,1,1,0,0,0,0,1
6630,112,113,112,3,1,1,113,113,1,0,0,0,0,1,0,1
6631,113,113,113,,0,1,113,113,1,1,1,0,0,0,0,1
6632,113,113,113,,0,1,113,113,1,1,1,0,0,0,0,1
6633,12,11,11,,0,0,11,11,1,0,0,1,0,0,0,0
6634,113,113,113,,0,1,113,113,1,1,1,0,0,0,0,1
6635,11,11,11,,0,1,11,11,1,1,1,0,0,0,0,1
6636,11,11,11,,0,1,11,11,1,1,1,0,0,0,0,1
6637,11,11,11,,0,1,11,11,1,1,1,0,0,0,0,1
6638,113,113,113,,0,1,113,113,1,1,1,0,0,0,0,1
6639,111,112,11,2 3,1,0,112,112,1,0,0,1,0,0,0,0
6640,112,112,112,,0,1,112,112,1,1,1,0,0,0,0,1
6641,11,11,11,,0,1,11,11,1,1,1,0,0,0,0,1
6643,113,113,113,,0,1,113,113,1,1,1,0,0,0,0,1
6644,113,113,113,,0,1,113,113,1,1,1,0,0,0,0,1
6645,11,11,11,,0,1,11,11,1,1,1,0,0,0,0,1
6646,11,11,11,,0,1,11,11,1,1,1,0,0,0,0,1
6648,113,113,113,,0,1,113,113,1,1,1,0,0,0,0,1
6651,11,11,11,,0,1,11,11,1,1,1,0,0,0,0,1
6652,11,11,11,,0,1,11,11,1,1,1,0,0,0,0,1
6654,113,113,113,,0,1,113,113,1,1,1,0,0,0,0,1
6656,113,113,113,,0,1,113,113,1,1,1,0,0,0,0,1
6658,113,113,113,,0,1,113,113,1,1,1,0,0,0,0,1
6659,113,113,113,,0,1,113,113,1,1,1,0,0,0,0,1
6660,113,113,113,,0,1,113,113,1,1,1,0,0,0,0,1
6661,113,113,113,,0,1,113,113,1,1,1,0,0,0,0,1
6662,113,113,113,,0,1,113,113,1,1,1,0,0,0,0,1
6663,11,11,11,,0,1,11,11,1,1,1,0,0,0,0,1
6664,113,113,113,,0,1,113,113,1,1,1,0,0,0,0,1
6665,112,113,112,3,1,1,113,113,1,0,0,0,0,1,0,1
6666,1111,1211,1111,2,1,1,1211,1211,1,0,0,0,0,1,0,1
6667,112,113,112,3,1,1,113,113,1,0,0,0,0,1,0,1
6668,113,113,113,,0,1,113,113,1,1,1,0,0,0,0,1
6669,11,11,11,,0,1,11,11,1,1,1,0,0,0,0,1
6670,11,11,11,,0,1,11,11,1,1,1,0,0,0,0,1
6672,113,113,113,,0,1,113,113,1,1,1,0,0,0,0,1
6673,113,113,113,,0,1,113,113,1,1,1,0,0,0,0,1
6674,113,113,113,,0,1,113,113,1,1,1,0,0,0,0,1
6675,113,113,113,,0,1,113,113,1,1,1,0,0,0,0,1
6681,11,11,11,,0,1,11,11,1,1,1,0,0,0,0,1
6683,113,113,113,,0,1,113,113,1,1,1,0,0,0,0,1
6684,11,11,11,,0,1,11,11,1,1,1,0,0,0,0,1
6685,113,113,113,,0,1,113,113,1,1,1,0,0,0,0,1
6689,112,122,112,2,1,1,122,122,1,0,0,0,0,1,0,1
6692,113,113,113,,0,1,113,113,1,1,1,0,0,0,0,1
6693,113,113,113,,0,1,113,113,1,1,1,0,0,0,0,1
6694,11,11,11,,0,1,11,11,1,1,1,0,0,0,0,1
6696,113,113,113,,0,1,113,113,1,1,1,0,0,0,0,1
6697,122,122,122,,0,1,122,122,1,1,1,0,0,0,0,1
6698,112,122,112,2,1,1,122,122,1,0,0,0,0,1,0,1
6699,113,113,113,,0,1,113,113,1,1,1,0,0,0,0,1
6700,112,112,112,,0,1,112,112,1,1,1,0,0,0,0,1
6702,12,11,11,,0,0,11,11,1,0,0,1,0,0,0,0
6704,113,113,113,,0,1,113,113,1,1,1,0,0,0,0,1
6705,113,113,113,,0,1,113,113,1,1,1,0,0,0,0,1
6706,113,113,113,,0,1,113,113,1,1,1,0,0,0,0,1
6707,113,113,113,,0,1,113,113,1,1,1,0,0,0,0,1
6708,11,11,11,,0,1,11,11,1,1,1,0,0,0,0,1
6709,11,11,11,,0,1,11,11,1,1,1,0,0,0,0,1
6710,12,11,11,,0,0,11,11,1,0,0,1,0,0,0,0
6711,112,122,122,,0,0,122,122,1,0,0,1,0,0,0,0
6715,122,122,122,,0,1,122,122,1,1,1,0,0,0,0,1
6716,113,113,113,,0,1,113,113,1,1,1,0,0,0,0,1
6718,112,113,112,3,1,1,113,113,1,0,0,0,0,1,0,1
6719,11,12,11,2,1,1,12,12,1,0,0,0,0,1,0,1
6720,11,11,11,,0,1,11,11,1,1,1,0,0,0,0,1
6721,11,11,11,,0,1,11,11,1,1,1,0,0,0,0,1
6723,11,11,11,,0,1,11,11,1,1,1,0,0,0,0,1
6724,113,113,113,,0,1,113,113,1,1,1,0,0,0,0,1
6725,11,12,11,2,1,1,12,12,1,0,0,0,0,1,0,1
6728,113,113,113,,0,1,113,113,1,1,1,0,0,0,0,1
6732,113,113,113,,0,1,113,113,1,1,1,0,0,0,0,1
6733,11,11,11,,0,1,11,11,1,1,1,0,0,0,0,1
6734,11,11,11,,0,1,11,11,1,1,1,0,0,0,0,1
6737,11,11,11,,0,1,11,11,1,1,1,0,0,0,0,1
6738,11,11,11,,0,1,11,11,1,1,1,0,0,0,0,1
6739,1112,1112,1112,,0,1,1112,1112,1,1,1,0,0,0,0,1
6740,112,112,112,,0,1,112,112,1,1,1,0,0,0,0,1
6741,113,113,113,,0,1,113,113,1,1,1,0,0,0,0,1
6742,11,11,11,,0,1,11,11,1,1,1,0,0,0,0,1
6744,1111,1211,1111,2,1,1,1211,1211,1,0,0,0,0,1,0,1
6745,113,113,113,,0,1,113,113,1,1,1,0,0,0,0,1
6746,113,113,113,,0,1,113,113,1,1,1,0,0,0,0,1
6747,113,113,113,,0,1,113,113,1,1,1,0,0,0,0,1
6748,113,113,112,3,1,0,113,113,1,1,0,0,1,0,0,0
6749,113,113,113,,0,1,113,113,1,1,1,0,0,0,0,1
6751,112,113,112,3,1,1,113,113,1,0,0,0,0,1,0,1
6752,112,112,112,,0,1,112,112,1,1,1,0,0,0,0,1
6753,11,11,11,,0,1,11,11,1,1,1,0,0,0,0,1
6754,113,113,113,,0,1,113,113,1,1,1,0,0,0,0,1
6755,113,113,113,,0,1,113,113,1,1,1,0,0,0,0,1
6756,113,113,113,,0,1,113,113,1,1,1,0,0,0,0,1
6757,112,112,112,,0,1,112,112,1,1,1,0,0,0,0,1
6758,113,113,113,,0,1,113,113,1,1,1,0,0,0,0,1
6759,113,113,113,,0,1,113,113,1,1,1,0,0,0,0,1
6760,113,113,113,,0,1,113,113,1,1,1,0,0,0,0,1
6761,122,122,122,,0,1,122,122,1,1,1,0,0,0,0,1
6762,113,113,113,,0,1,113,113,1,1,1,0,0,0,0,1
6763,113,113,113,,0,1,113,113,1,1,1,0,0,0,0,1
6764,113,113,113,,0,1,113,113,1,1,1,0,0,0,0,1
6766,113,113,113,,0,1,113,113,1,1,1,0,0,0,0,1
6769,113,113,113,,0,1,113,113,1,1,1,0,0,0,0,1
6770,11,11,11,,0,1,11,11,1,1,1,0,0,0,0,1
6771,11,11,11,,0,1,11,11,1,1,1,0,0,0,0,1
6772,112,113,112,3,1,1,113,113,1,0,0,0,0,1,0,1
6773,11,11,11,,0,1,11,11,1,1,1,0,0,0,0,1
6774,122,122,122,,0,1,122,122,1,1,1,0,0,0,0,1
6775,112,112,112,,0,1,112,112,1,1,1,0,0,0,0,1
6777,113,113,113,,0,1,113,113,1,1,1,0,0,0,0,1
6778,113,113,113,,0,1,113,113,1,1,1,0,0,0,0,1
6779,113,113,113,,0,1,113,113,1,1,1,0,0,0,0,1
6780,11,11,11,,0,1,11,11,1,1,1,0,0,0,0,1
6781,112,113,112,3,1,1,113,113,1,0,0,0,0,1,0,1
6783,11,11,11,,0,1,11,11,1,1,1,0,0,0,0,1
6784,122,122,122,,0,1,122,122,1,1,1,0,0,0,0,1
6785,113,113,113,,0,1,113,113,1,1,1,0,0,0,0,1
6786,122,122,122,,0,1,122,122,1,1,1,0,0,0,0,1
6787,11,11,11,,0,1,11,11,1,1,1,0,0,0,0,1
6788,112,113,112,3,1,1,113,113,1,0,0,0,0,1,0,1
6789,112,112,112,,0,1,112,112,1,1,1,0,0,0,0,1
6790,112,113,112,3,1,1,113,113,1,0,0,0,0,1,0,1
6791,112,112,112,,0,1,112,112,1,1,1,0,0,0,0,1
6792,113,113,113,,0,1,113,113,1,1,1,0,0,0,0,1
6793,112,112,112,,0,1,112,112,1,1,1,0,0,0,0,1
6797,112,112,112,,0,1,112,112,1,1,1,0,0,0,0,1
6799,113,113,113,,0,1,113,113,1,1,1,0,0,0,0,1
6800,1211,1211,1211,,0,1,1211,1211,1,1,1,0,0,0,0,1
6801,11,11,11,,0,1,11,11,1,1,1,0,0,0,0,1
6803,113,113,113,,0,1,113,113,1,1,1,0,0,0,0,1
6804,112,112,112,,0,1,112,112,1,1,1,0,0,0,0,1
6806,113,113,113,,0,1,113,113,1,1,1,0,0,0,0,1
6809,112,113,112,3,1,1,113,113,1,0,0,0,0,1,0,1
6810,113,113,113,,0,1,113,113,1,1,1,0,0,0,0,1
6811,112,113,112,3,1,1,113,113,1,0,0,0,0,1,0,1
6812,112,1211,1111,2,1,0,1211,122,0,0,0,1,0,0,0,0
6813,122,122,122,,0,1,122,122,1,1,1,0,0,0,0,1
6814,1211,1211,1211,,0,1,1211,1211,1,1,1,0,0,0,0,1
6816,11,11,11,,0,1,11,11,1,1,1,0,0,0,0,1
6817,122,122,122,,0,1,122,122,1,1,1,0,0,0,0,1
6818,112,122,112,2,1,1,122,122,1,0,0,0,0,1,0,1
6819,11,11,11,,0,1,11,11,1,1,1,0,0,0,0,1
6820,112,113,112,3,1,1,113,113,1,0,0,0,0,1,0,1
6822,11,11,11,,0,1,11,11,1,1,1,0,0,0,0,1
6823,113,113,113,,0,1,113,113,1,1,1,0,0,0,0,1
6824,11,11,11,,0,1,11,11,1,1,1,0,0,0,0,1
6825,113,113,113,,0,1,113,113,1,1,1,0,0,0,0,1
6826,113,113,113,,0,1,113,113,1,1,1,0,0,0,0,1
6827,113,113,113,,0,1,113,113,1,1,1,0,0,0,0,1
6828,113,113,113,,0,1,113,113,1,1,1,0,0,0,0,1
6829,11,11,11,,0,1,11,11,1,1,1,0,0,0,0,1
6830,113,113,113,,0,1,113,113,1,1,1,0,0,0,0,1
6831,113,113,113,,0,1,113,113,1,1,1,0,0,0,0,1
6833,11,11,11,,0,1,11,11,1,1,1,0,0,0,0,1
6834,11,11,11,,0,1,11,11,1,1,1,0,0,0,0,1
6836,112,113,112,3,1,1,113,113,1,0,0,0,0,1,0,1
6837,112,113,112,3,1,1,113,113,1,0,0,0,0,1,0,1
6839,112,112,112,,0,1,112,112,1,1,1,0,0,0,0,1
6840,11,11,11,,0,1,11,11,1,1,1,0,0,0,0,1
6841,112,113,112,3,1,1,113,113,1,0,0,0,0,1,0,1
6842,1211,1211,1211,,0,1,1211,1211,1,1,1,0,0,0,0,1
6843,112,112,112,,0,1,112,112,1,1,1,0,0,0,0,1
6845,11,11,11,,0,1,11,11,1,1,1,0,0,0,0,1
6847,11,11,11,,0,1,11,11,1,1,1,0,0,0,0,1
6848,112,112,112,,0,1,112,112,1,1,1,0,0,0,0,1
6852,11,11,11,,0,1,11,11,1,1,1,0,0,0,0,1
6853,112,113,112,3,1,1,113,113,1,0,0,0,0,1,0,1
6854,112,112,112,,0,1,112,112,1,1,1,0,0,0,0,1
6855,113,113,113,,0,1,113,113,1,1,1,0,0,0,0,1
6856,1211,1211,1211,,0,1,1211,1211,1,1,1,0,0,0,0,1
6857,113,113,113,,0,1,113,113,1,1,1,0,0,0,0,1
6858,11,11,11,,0,1,11,11,1,1,1,0,0,0,0,1
6859,113,113,113,,0,1,113,113,1,1,1,0,0,0,0,1
6860,113,113,113,,0,1,113,113,1,1,1,0,0,0,0,1
6861,111,111,111,,0,1,111,111,1,1,1,0,0,0,0,1
6862,113,113,113,,0,1,113,113,1,1,1,0,0,0,0,1
6866,113,113,113,,0,1,113,113,1,1,1,0,0,0,0,1
6867,113,113,113,,0,1,113,113,1,1,1,0,0,0,0,1
6868,11,11,11,,0,1,11,11,1,1,1,0,0,0,0,1
6869,112,112,112,,0,1,112,112,1,1,1,0,0,0,0,1
6870,11,11,11,,0,1,11,11,1,1,1,0,0,0,0,1
6871,113,113,113,,0,1,113,113,1,1,1,0,0,0,0,1
6873,11,11,11,,0,1,11,111,0,0,0,0,0,1,1,0
6874,112,113,112,3,1,1,113,113,1,0,0,0,0,1,0,1
6875,112,112,112,,0,1,112,112,1,1,1,0,0,0,0,1
6876,113,113,113,,0,1,113,113,1,1,1,0,0,0,0,1
6877,11,11,11,,0,1,11,11,1,1,1,0,0,0,0,1
6878,113,113,113,,0,1,113,113,1,1,1,0,0,0,0,1
6882,113,113,113,,0,1,113,113,1,1,1,0,0,0,0,1
6883,112,112,112,,0,1,112,112,1,1,1,0,0,0,0,1
6884,113,113,113,,0,1,113,113,1,1,1,0,0,0,0,1
6885,11,11,11,,0,1,11,11,1,1,1,0,0,0,0,1
6887,113,113,113,,0,1,113,113,1,1,1,0,0,0,0,1
6889,1111,1111,1111,,0,1,1111,1111,1,1,1,0,0,0,0,1
6890,113,113,113,,0,1,113,113,1,1,1,0,0,0,0,1
6891,11,11,11,,0,1,11,11,1,1,1,0,0,0,0,1
6892,122,122,122,,0,1,122,122,1,1,1,0,0,0,0,1
6893,11,11,11,,0,1,11,11,1,1,1,0,0,0,0,1
6894,11,11,11,,0,1,11,11,1,1,1,0,0,0,0,1
6897,22,22,22,,0,1,22,22,1,1,1,0,0,0,0,1
6899,11,11,11,,0,1,11,11,1,1,1,0,0,0,0,1
6900,123,123,123,,0,1,123,123,1,1,1,0,0,0,0,1
6903,113,113,113,,0,1,113,113,1,1,1,0,0,0,0,1
6904,112,112,112,,0,1,112,112,1,1,1,0,0,0,0,1
6906,122,122,122,,0,1,122,122,1,1,1,0,0,0,0,1
6909,112,112,112,,0,1,112,112,1,1,1,0,0,0,0,1
6911,111,112,111,3,1,1,112,22,0,0,0,0,0,1,0,0
6912,113,113,113,,0,1,113,113,1,1,1,0,0,0,0,1
6913,1112,1112,1112,,0,1,1112,1112,1,1,1,0,0,0,0,1
6914,113,113,113,,0,1,113,113,1,1,1,0,0,0,0,1
6915,113,113,113,,0,1,113,113,1,1,1,0,0,0,0,1
6916,113,113,113,,0,1,113,113,1,1,1,0,0,0,0,1
6919,122,122,122,,0,1,122,122,1,1,1,0,0,0,0,1
6920,112,113,112,3,1,1,113,113,1,0,0,0,0,1,0,1
6922,122,122,122,,0,1,122,11,0,0,0,0,0,1,1,0
6923,112,113,112,3,1,1,113,113,1,0,0,0,0,1,0,1
6924,11,11,11,,0,1,11,11,1,1,1,0,0,0,0,1
6927,113,113,113,,0,1,113,113,1,1,1,0,0,0,0,1
6928,113,113,113,,0,1,113,113,1,1,1,0,0,0,0,1
6929,113,113,113,,0,1,113,113,1,1,1,0,0,0,0,1
6931,113,113,113,,0,1,113,113,1,1,1,0,0,0,0,1
6932,113,113,113,,0,1,113,113,1,1,1,0,0,0,0,1
6933,113,113,113,,0,1,113,113,1,1,1,0,0,0,0,1
6934,112,113,112,3,1,1,113,113,1,0,0,0,0,1,0,1
6935,11,11,11,,0,1,11,11,1,1,1,0,0,0,0,1
6939,113,113,113,,0,1,113,113,1,1,1,0,0,0,0,1
6940,11,11,11,,0,1,11,11,1,1,1,0,0,0,0,1
6942,112,122,112,2,1,1,122,122,1,0,0,0,0,1,0,1
6943,11,11,11,,0,1,11,11,1,1,1,0,0,0,0,1
6944,112,112,112,,0,1,112,22,0,0,0,0,0,1,1,0
6946,22,22,22,,0,1,22,22,1,1,1,0,0,0,0,1
6948,113,113,113,,0,1,113,113,1,1,1,0,0,0,0,1
6949,12,11,11,,0,0,11,11,1,0,0,1,0,0,0,0
6950,112,112,112,,0,1,112,112,1,1,1,0,0,0,0,1
6951,113,113,113,,0,1,113,113,1,1,1,0,0,0,0,1
6952,113,113,113,,0,1,113,113,1,1,1,0,0,0,0,1
6953,11,11,11,,0,1,11,11,1,1,1,0,0,0,0,1
6954,113,113,113,,0,1,113,113,1,1,1,0,0,0,0,1
6955,112,113,112,3,1,1,113,113,1,0,0,0,0,1,0,1
6956,113,113,113,,0,1,113,113,1,1,1,0,0,0,0,1
6957,11,11,11,,0,1,11,11,1,1,1,0,0,0,0,1
6958,113,113,113,,0,1,113,113,1,1,1,0,0,0,0,1
6959,12,11,11,,0,0,11,11,1,0,0,1,0,0,0,0
6960,113,113,113,,0,1,113,113,1,1,1,0,0,0,0,1
6965,112,113,112,3,1,1,113,113,1,0,0,0,0,1,0,1
6966,112,112,112,,0,1,112,112,1,1,1,0,0,0,0,1
6967,11,11,11,,0,1,11,11,1,1,1,0,0,0,0,1
6972,113,113,113,,0,1,113,113,1,1,1,0,0,0,0,1
6974,113,113,113,,0,1,113,113,1,1,1,0,0,0,0,1
6975,12,11,11,,0,0,11,11,1,0,0,1,0,0,0,0
6977,113,113,113,,0,1,113,113,1,1,1,0,0,0,0,1
6978,113,113,113,,0,1,113,113,1,1,1,0,0,0,0,1
6980,11,113,113,,0,0,113,113,1,0,0,1,0,0,0,0
6981,113,113,113,,0,1,113,113,1,1,1,0,0,0,0,1
6982,11,11,11,,0,1,11,11,1,1,1,0,0,0,0,1
6985,11,11,11,,0,1,11,11,1,1,1,0,0,0,0,1
6986,11,11,11,,0,1,11,11,1,1,1,0,0,0,0,1
6987,113,113,113,,0,1,113,113,1,1,1,0,0,0,0,1
6988,113,113,113,,0,1,113,113,1,1,1,0,0,0,0,1
6989,11,11,11,,0,1,11,11,1,1,1,0,0,0,0,1
6992,112,112,112,,0,1,112,112,1,1,1,0,0,0,0,1
6994,112,112,112,,0,1,112,112,1,1,1,0,0,0,0,1
6995,11,11,11,,0,1,11,11,1,1,1,0,0,0,0,1
6998,113,113,113,,0,1,113,113,1,1,1,0,0,0,0,1
6999,113,113,113,,0,1,113,113,1,1,1,0,0,0,0,1
7001,113,113,113,,0,1,113,113,1,1,1,0,0,0,0,1
7005,11,11,11,,0,1,11,11,1,1,1,0,0,0,0,1
7006,122,122,122,,0,1,122,122,1,1,1,0,0,0,0,1
7007,113,113,113,,0,1,113,113,1,1,1,0,0,0,0,1
7009,113,113,113,,0,1,113,113,1,1,1,0,0,0,0,1
7011,112,112,112,,0,1,112,112,1,1,1,0,0,0,0,1
7012,11,11,11,,0,1,11,11,1,1,1,0,0,0,0,1
7013,112,113,112,3,1,1,113,113,1,0,0,0,0,1,0,1
7014,113,113,113,,0,1,113,113,1,1,1,0,0,0,0,1
7015,113,113,113,,0,1,113,113,1,1,1,0,0,0,0,1
7017,112,113,112,3,1,1,113,113,1,0,0,0,0,1,0,1
7019,11,11,11,,0,1,11,11,1,1,1,0,0,0,0,1
7020,122,122,122,,0,1,122,122,1,1,1,0,0,0,0,1
7023,113,113,113,,0,1,113,113,1,1,1,0,0,0,0,1
7024,113,113,113,,0,1,113,113,1,1,1,0,0,0,0,1
7025,112,112,112,,0,1,112,112,1,1,1,0,0,0,0,1
7031,112,112,112,,0,1,112,112,1,1,1,0,0,0,0,1
7032,112,112,112,,0,1,112,112,1,1,1,0,0,0,0,1
7037,11,11,11,,0,1,11,11,1,1,1,0,0,0,0,1
7038,113,113,113,,0,1,113,113,1,1,1,0,0,0,0,1
7044,113,113,113,,0,1,113,113,1,1,1,0,0,0,0,1
7047,11,11,11,,0,1,11,11,1,1,1,0,0,0,0,1
7049,11,11,11,,0,1,11,11,1,1,1,0,0,0,0,1
7055,113,113,113,,0,1,113,113,1,1,1,0,0,0,0,1
7057,113,113,113,,0,1,113,113,1,1,1,0,0,0,0,1
7058,113,113,113,,0,1,113,113,1,1,1,0,0,0,0,1
7059,112,113,112,3,1,1,113,113,1,0,0,0,0,1,0,1
7064,113,113,113,,0,1,113,113,1,1,1,0,0,0,0,1
7066,113,113,113,,0,1,113,113,1,1,1,0,0,0,0,1
7067,11,11,11,,0,1,11,11,1,1,1,0,0,0,0,1
7070,113,113,113,,0,1,113,113,1,1,1,0,0,0,0,1
7073,112,113,112,3,1,1,113,113,1,0,0,0,0,1,0,1
7075,11,11,11,,0,1,11,11,1,1,1,0,0,0,0,1
7076,112,112,112,,0,1,112,112,1,1,1,0,0,0,0,1
7077,112,113,112,3,1,1,113,113,1,0,0,0,0,1,0,1
7078,11,11,11,,0,1,11,11,1,1,1,0,0,0,0,1
7079,112,113,112,3,1,1,113,113,1,0,0,0,0,1,0,1
7082,113,113,113,,0,1,113,113,1,1,1,0,0,0,0,1
7085,1112,1112,1112,,0,1,1112,1112,1,1,1,0,0,0,0,1
7086,112,112,112,,0,1,112,112,1,1,1,0,0,0,0,1
7088,113,113,113,,0,1,113,113,1,1,1,0,0,0,0,1
7090,113,113,113,,0,1,113,113,1,1,1,0,0,0,0,1
7094,113,113,113,,0,1,113,113,1,1,1,0,0,0,0,1
7097,11,11,11,,0,1,11,11,1,1,1,0,0,0,0,1
7098,112,113,112,3,1,1,113,113,1,0,0,0,0,1,0,1
7099,122,122,122,,0,1,122,122,1,1,1,0,0,0,0,1
7101,112,112,112,,0,1,112,112,1,1,1,0,0,0,0,1
7102,113,113,113,,0,1,113,113,1,1,1,0,0,0,0,1
7104,11,11,11,,0,1,11,11,1,1,1,0,0,0,0,1
7105,113,113,113,,0,1,113,113,1,1,1,0,0,0,0,1
7108,11,11,11,,0,1,11,11,1,1,1,0,0,0,0,1
7111,11,11,11,,0,1,11,11,1,1,1,0,0,0,0,1
7112,113,113,113,,0,1,113,113,1,1,1,0,0,0,0,1
7113,113,113,113,,0,1,113,113,1,1,1,0,0,0,0,1
7114,112,112,112,,0,1,112,112,1,1,1,0,0,0,0,1
7115,113,113,113,,0,1,113,113,1,1,1,0,0,0,0,1
7117,113,113,113,,0,1,113,113,1,1,1,0,0,0,0,1
7119,112,112,112,,0,1,112,112,1,1,1,0,0,0,0,1
7120,113,113,113,,0,1,113,113,1,1,1,0,0,0,0,1
7123,113,113,113,,0,1,113,113,1,1,1,0,0,0,0,1
7126,11,11,11,,0,1,11,11,1,1,1,0,0,0,0,1
7133,112,112,112,,0,1,112,22,0,0,0,0,0,1,1,0
7136,113,113,113,,0,1,113,113,1,1,1,0,0,0,0,1
7137,112,112,112,,0,1,112,112,1,1,1,0,0,0,0,1
7138,11,11,11,,0,1,11,11,1,1,1,0,0,0,0,1
7140,22,22,22,,0,1,22,22,1,1,1,0,0,0,0,1
7141,113,113,113,,0,1,113,113,1,1,1,0,0,0,0,1
7143,113,113,113,,0,1,113,113,1,1,1,0,0,0,0,1
7144,112,112,112,,0,1,112,112,1,1,1,0,0,0,0,1
7146,113,113,113,,0,1,113,113,1,1,1,0,0,0,0,1
7148,11,11,11,,0,1,11,11,1,1,1,0,0,0,0,1
7149,113,113,113,,0,1,113,113,1,1,1,0,0,0,0,1
7153,112,112,112,,0,1,112,112,1,1,1,0,0,0,0,1
7154,113,113,113,,0,1,113,113,1,1,1,0,0,0,0,1
7155,122,122,122,,0,1,122,122,1,1,1,0,0,0,0,1
7156,122,122,122,,0,1,122,122,1,1,1,0,0,0,0,1
7157,12,11,11,,0,0,11,11,1,0,0,1,0,0,0,0
7158,11,11,11,,0,1,11,11,1,1,1,0,0,0,0,1
7159,113,113,113,,0,1,113,113,1,1,1,0,0,0,0,1
7160,113,113,113,,0,1,113,113,1,1,1,0,0,0,0,1
7161,113,113,113,,0,1,113,113,1,1,1,0,0,0,0,1
7162,113,113,113,,0,1,113,113,1,1,1,0,0,0,0,1
7163,113,113,113,,0,1,113,113,1,1,1,0,0,0,0,1
7164,112,113,112,3,1,1,113,113,1,0,0,0,0,1,0,1
7165,113,113,113,,0,1,113,113,1,1,1,0,0,0,0,1
7166,113,113,113,,0,1,113,113,1,1,1,0,0,0,0,1
7169,113,113,113,,0,1,113,113,1,1,1,0,0,0,0,1
7172,113,113,113,,0,1,113,113,1,1,1,0,0,0,0,1
7175,113,113,113,,0,1,113,113,1,1,1,0,0,0,0,1
7176,113,113,113,,0,1,113,113,1,1,1,0,0,0,0,1
7177,113,113,113,,0,1,113,113,1,1,1,0,0,0,0,1
7179,113,113,113,,0,1,113,113,1,1,1,0,0,0,0,1
7182,11,11,11,,0,1,11,11,1,1,1,0,0,0,0,1
7183,11,11,11,,0,1,11,11,1,1,1,0,0,0,0,1
7184,113,113,113,,0,1,113,113,1,1,1,0,0,0,0,1
7188,112,113,112,3,1,1,113,113,1,0,0,0,0,1,0,1
7189,113,113,113,,0,1,113,113,1,1,1,0,0,0,0,1
7190,113,113,113,,0,1,113,113,1,1,1,0,0,0,0,1
7191,113,113,113,,0,1,113,113,1,1,1,0,0,0,0,1
7192,122,122,122,,0,1,122,122,1,1,1,0,0,0,0,1
7193,11,11,11,,0,1,11,11,1,1,1,0,0,0,0,1
7194,113,113,113,,0,1,113,113,1,1,1,0,0,0,0,1
7195,11,11,11,,0,1,11,11,1,1,1,0,0,0,0,1
7198,113,113,113,,0,1,113,113,1,1,1,0,0,0,0,1
7200,113,113,113,,0,1,113,113,1,1,1,0,0,0,0,1
7202,113,113,113,,0,1,113,113,1,1,1,0,0,0,0,1
7205,113,113,113,,0,1,113,113,1,1,1,0,0,0,0,1
7206,112,112,112,,0,1,112,112,1,1,1,0,0,0,0,1
7207,113,113,113,,0,1,113,113,1,1,1,0,0,0,0,1
7208,112,113,112,3,1,1,113,113,1,0,0,0,0,1,0,1
7210,11,11,11,,0,1,11,11,1,1,1,0,0,0,0,1
7213,11,11,11,,0,1,11,11,1,1,1,0,0,0,0,1
7215,11,11,11,,0,1,11,11,1,1,1,0,0,0,0,1
7216,113,113,113,,0,1,113,113,1,1,1,0,0,0,0,1
7217,113,113,113,,0,1,113,113,1,1,1,0,0,0,0,1
7218,1211,1211,1211,,0,1,1211,1211,1,1,1,0,0,0,0,1
7219,122,122,122,,0,1,122,122,1,1,1,0,0,0,0,1
7220,113,113,113,,0,1,113,113,1,1,1,0,0,0,0,1
7224,112,112,112,,0,1,112,122,0,0,0,0,0,1,1,0
7225,113,113,113,,0,1,113,113,1,1,1,0,0,0,0,1
7226,113,113,113,,0,1,113,113,1,1,1,0,0,0,0,1
7227,112,112,112,,0,1,112,112,1,1,1,0,0,0,0,1
7228,122,122,122,,0,1,122,112,0,0,0,0,0,1,1,0
7229,11,11,11,,0,1,11,11,1,1,1,0,0,0,0,1
7230,113,113,113,,0,1,113,113,1,1,1,0,0,0,0,1
7231,111,111,111,,0,1,111,111,1,1,1,0,0,0,0,1
7234,113,113,113,,0,1,113,113,1,1,1,0,0,0,0,1
7237,112,112,112,,0,1,112,112,1,1,1,0,0,0,0,1
7238,1211,1211,1211,,0,1,1211,1211,1,1,1,0,0,0,0,1
7239,113,113,113,,0,1,113,113,1,1,1,0,0,0,0,1
7240,11,11,11,,0,1,11,11,1,1,1,0,0,0,0,1
7241,113,113,113,,0,1,113,113,1,1,1,0,0,0,0,1
7242,113,113,113,,0,1,113,113,1,1,1,0,0,0,0,1
7243,113,113,113,,0,1,113,113,1,1,1,0,0,0,0,1
7244,113,113,113,,0,1,113,113,1,1,1,0,0,0,0,1
7245,112,113,112,3,1,1,113,113,1,0,0,0,0,1,0,1
7246,113,113,113,,0,1,113,113,1,1,1,0,0,0,0,1
7247,113,113,113,,0,1,113,113,1,1,1,0,0,0,0,1
7248,113,113,113,,0,1,113,113,1,1,1,0,0,0,0,1
7251,112,122,112,2,1,1,122,122,1,0,0,0,0,1,0,1
7252,113,113,113,,0,1,113,113,1,1,1,0,0,0,0,1
7253,113,113,113,,0,1,113,113,1,1,1,0,0,0,0,1
7255,113,113,113,,0,1,113,113,1,1,1,0,0,0,0,1
7256,112,122,112,2,1,1,122,122,1,0,0,0,0,1,0,1
7257,112,112,112,,0,1,112,112,1,1,1,0,0,0,0,1
7258,112,112,112,,0,1,112,112,1,1,1,0,0,0,0,1
7259,11,11,11,,0,1,11,11,1,1,1,0,0,0,0,1
7260,11,11,11,,0,1,11,11,1,1,1,0,0,0,0,1
7262,22,112,112,,0,0,112,112,1,0,0,1,0,0,0,0
7263,112,113,112,3,1,1,113,113,1,0,0,0,0,1,0,1
7264,113,113,113,,0,1,113,113,1,1,1,0,0,0,0,1
7265,113,113,113,,0,1,113,113,1,1,1,0,0,0,0,1
7266,112,122,112,2,1,1,122,122,1,0,0,0,0,1,0,1
7267,112,112,112,,0,1,112,112,1,1,1,0,0,0,0,1
7268,112,112,112,,0,1,112,112,1,1,1,0,0,0,0,1
7269,113,113,113,,0,1,113,113,1,1,1,0,0,0,0,1
7276,11,11,11,,0,1,11,11,1,1,1,0,0,0,0,1
7280,11,11,11,,0,1,11,11,1,1,1,0,0,0,0,1