5690,1111,1111,1111,,0,1,1111,1111,1,1,1,0,0,0,0
5692,122,122,122,,0,1,122,122,1,1,1,0,0,0,0
5693,12,11,11,,0,0,11,11,1,0,0,1,0,0,0
5694,11,11,11,,0,1,11,11,1,1,1,0,0,0,0
5695,112,112,112,,0,1,112,112,1,1,1,0,0,0,0
5696,11,11,11,,0,1,11,11,1,1,1,0,0,0,0
5698,11,11,11,,0,1,11,11,1,1,1,0,0,0,0
5699,113,113,113,,0,1,113,113,1,1,1,0,0,0,0
5700,11,11,11,,0,1,11,11,1,1,1,0,0,0,0
5701,12,11,11,,0,0,11,11,1,0,0,1,0,0,0
5702,113,113,113,,0,1,113,113,1,1,1,0,0,0,0
5705,11,11,11,,0,1,11,11,1,1,1,0,0,0,0
5706,113,113,113,,0,1,113,113,1,1,1,0,0,0,0
5707,12,12,12,,0,1,12,12,1,1,1,0,0,0,0
5708,111,111,111,,0,1,111,111,1,1,1,0,0,0,0
5709,11,11,11,,0,1,11,11,1,1,1,0,0,0,0
5710,113,113,113,,0,1,113,113,1,1,1,0,0,0,0
5711,113,113,113,,0,1,113,113,1,1,1,0,0,0,0
5712,11,11,11,,0,1,11,11,1,1,1,0,0,0,0
5713,11,11,11,,0,1,11,11,1,1,1,0,0,0,0
5722,112,112,112,,0,1,112,112,1,1,1,0,0,0,0
5723,113,113,113,,0,1,113,113,1,1,1,0,0,0,0
5724,113,113,113,,0,1,113,113,1,1,1,0,0,0,0
5725,112,113,112,3,1,1,113,113,1,0,0,0,0,1,0
5726,11,11,11,,0,1,11,11,1,1,1,0,0,0,0
5727,113,113,113,,0,1,113,113,1,1,1,0,0,0,0
5728,112,112,112,,0,1,112,112,1,1,1,0,0,0,0
5729,122,122,122,,0,1,122,122,1,1,1,0,0,0,0
5730,11,11,11,,0,1,11,11,1,1,1,0,0,0,0
5731,111,111,111,,0,1,111,111,1,1,1,0,0,0,0
5734,11,11,11,,0,1,11,11,1,1,1,0,0,0,0
5735,11,11,11,,0,1,11,11,1,1,1,0,0,0,0
5737,112,112,112,,0,1,112,122,0,0,0,0,0,1,1
5738,113,113,113,,0,1,113,113,1,1,1,0,0,0,0
5739,113,113,113,,0,1,113,113,1,1,1,0,0,0,0
5740,11,11,11,,0,1,11,11,1,1,1,0,0,0,0
5741,112,113,112,3,1,1,113,113,1,0,0,0,0,1,0
5742,11,11,11,,0,1,11,11,1,1,1,0,0,0,0
5743,113,113,113,,0,1,113,113,1,1,1,0,0,0,0
5744,112,113,112,3,1,1,113,113,1,0,0,0,0,1,0
5745,113,113,113,,0,1,113,113,1,1,1,0,0,0,0
5746,11,11,11,,0,1,11,11,1,1,1,0,0,0,0
5747,113,113,113,,0,1,113,113,1,1,1,0,0,0,0
5748,113,113,113,,0,1,113,113,1,1,1,0,0,0,0
5749,113,113,113,,0,1,113,113,1,1,1,0,0,0,0
5750,112,112,112,,0,1,112,112,1,1,1,0,0,0,0
5751,112,112,112,,0,1,112,112,1,1,1,0,0,0,0
5752,11,11,11,,0,1,11,11,1,1,1,0,0,0,0
5753,112,112,112,,0,1,112,112,1,1,1,0,0,0,0
5755,111,111,111,,0,1,111,111,1,1,1,0,0,0,0
5756,112,112,112,,0,1,112,112,1,1,1,0,0,0,0
5757,113,113,113,,0,1,113,113,1,1,1,0,0,0,0
5758,113,113,113,,0,1,113,113,1,1,1,0,0,0,0
5759,113,113,113,,0,1,113,113,1,1,1,0,0,0,0
5760,11,11,11,,0,1,11,11,1,1,1,0,0,0,0
5761,11,11,11,,0,1,11,11,1,1,1,0,0,0,0
5763,11,11,11,,0,1,11,11,1,1,1,0,0,0,0
5764,113,113,113,,0,1,113,113,1,1,1,0,0,0,0
5765,12,12,12,,0,1,12,12,1,1,1,0,0,0,0
5767,113,113,113,,0,1,113,113,1,1,1,0,0,0,0
5769,113,113,113,,0,1,113,113,1,1,1,0,0,0,0
5770,113,113,113,,0,1,113,113,1,1,1,0,0,0,0
5772,112,122,112,2,1,1,122,122,1,0,0,0,0,1,0
5775,111,111,111,,0,1,111,111,1,1,1,0,0,0,0
5776,113,113,113,,0,1,113,113,1,1,1,0,0,0,0
5777,112,113,112,3,1,1,113,113,1,0,0,0,0,1,0
5778,11,11,11,,0,1,11,11,1,1,1,0,0,0,0
5779,113,113,113,,0,1,113,113,1,1,1,0,0,0,0
5780,112,112,112,,0,1,112,112,1,1,1,0,0,0,0
5781,12,12,12,,0,1,12,12,1,1,1,0,0,0,0
5783,11,12,11,2,1,1,12,12,1,0,0,0,0,1,0
5784,113,113,113,,0,1,113,113,1,1,1,0,0,0,0
5786,112,112,112,,0,1,112,112,1,1,1,0,0,0,0
5787,113,123,113,2,1,1,123,122,0,0,0,0,0,1,0
5788,113,113,113,,0,1,113,113,1,1,1,0,0,0,0
5789,113,113,113,,0,1,113,113,1,1,1,0,0,0,0
5790,11,11,11,,0,1,11,11,1,1,1,0,0,0,0
5791,11,11,11,,0,1,11,11,1,1,1,0,0,0,0
5792,113,113,113,,0,1,113,113,1,1,1,0,0,0,0
5793,113,113,113,,0,1,113,113,1,1,1,0,0,0,0
5794,11,11,11,,0,1,11,11,1,1,1,0,0,0,0
5795,113,113,113,,0,1,113,113,1,1,1,0,0,0,0
5796,22,22,22,,0,1,22,22,1,1,1,0,0,0,0
5799,113,113,113,,0,1,113,113,1,1,1,0,0,0,0
5801,11,11,11,,0,1,11,11,1,1,1,0,0,0,0
5802,112,112,112,,0,1,112,112,1,1,1,0,0,0,0
5803,11,11,11,,0,1,11,11,1,1,1,0,0,0,0
5804,122,122,122,,0,1,122,22,0,0,0,0,0,1,1
5805,112,112,112,,0,1,112,112,1,1,1,0,0,0,0
5808,12,12,12,,0,1,12,12,1,1,1,0,0,0,0
5810,1111,113,113,,0,0,113,113,1,0,0,1,0,0,0
5811,113,113,113,,0,1,113,113,1,1,1,0,0,0,0
5812,113,113,113,,0,1,113,113,1,1,1,0,0,0,0
5815,11,11,11,,0,1,11,11,1,1,1,0,0,0,0
5816,11,11,11,,0,1,11,11,1,1,1,0,0,0,0
5817,113,113,113,,0,1,113,113,1,1,1,0,0,0,0
5819,113,113,113,,0,1,113,113,1,1,1,0,0,0,0
5820,113,113,113,,0,1,113,113,1,1,1,0,0,0,0
5821,11,11,11,,0,1,11,11,1,1,1,0,0,0,0
5822,112,113,112,3,1,1,113,113,1,0,0,0,0,1,0
5823,112,113,112,3,1,1,113,113,1,0,0,0,0,1,0
5825,11,11,11,,0,1,11,11,1,1,1,0,0,0,0
5826,113,113,113,,0,1,113,113,1,1,1,0,0,0,0
5830,11,12,11,2,1,1,12,12,1,0,0,0,0,1,0
5831,112,113,112,3,1,1,113,113,1,0,0,0,0,1,0
5832,11,11,11,,0,1,11,11,1,1,1,0,0,0,0
5834,123,123,123,,0,1,123,123,1,1,1,0,0,0,0
5835,12,12,12,,0,1,12,12,1,1,1,0,0,0,0
5836,112,112,112,,0,1,112,112,1,1,1,0,0,0,0
5839,112,112,112,,0,1,112,112,1,1,1,0,0,0,0
5840,113,113,113,,0,1,113,113,1,1,1,0,0,0,0
5841,112,113,112,3,1,1,113,113,1,0,0,0,0,1,0
5842,113,113,113,,0,1,113,113,1,1,1,0,0,0,0
5848,112,112,112,,0,1,112,112,1,1,1,0,0,0,0
5849,12,11,11,,0,0,11,11,1,0,0,1,0,0,0
5850,1111,122,112,2,1,0,122,122,1,0,0,1,0,0,0
5851,113,113,113,,0,1,113,113,1,1,1,0,0,0,0
5852,11,11,11,,0,1,11,11,1,1,1,0,0,0,0
5853,11,11,11,,0,1,11,11,1,1,1,0,0,0,0
5854,113,113,113,,0,1,113,113,1,1,1,0,0,0,0
5855,112,112,112,,0,1,112,112,1,1,1,0,0,0,0
5856,11,11,11,,0,1,11,11,1,1,1,0,0,0,0
5857,112,113,112,3,1,1,113,113,1,0,0,0,0,1,0
5858,113,113,113,,0,1,113,113,1,1,1,0,0,0,0
5859,112,112,112,,0,1,112,112,1,1,1,0,0,0,0
5861,113,113,113,,0,1,113,113,1,1,1,0,0,0,0
5862,112,122,112,2,1,1,122,122,1,0,0,0,0,1,0
5863,113,113,113,,0,1,113,113,1,1,1,0,0,0,0
5864,113,113,113,,0,1,113,113,1,1,1,0,0,0,0
5865,11,11,11,,0,1,11,11,1,1,1,0,0,0,0
5867,11,11,11,,0,1,11,11,1,1,1,0,0,0,0
5868,11,11,11,,0,1,11,11,1,1,1,0,0,0,0
5869,112,112,112,,0,1,112,112,1,1,1,0,0,0,0
5870,113,113,113,,0,1,113,113,1,1,1,0,0,0,0
5871,12,12,12,,0,1,12,12,1,1,1,0,0,0,0
5873,113,113,113,,0,1,113,113,1,1,1,0,0,0,0
5874,11,11,11,,0,1,11,11,1,1,1,0,0,0,0
5875,113,113,113,,0,1,113,113,1,1,1,0,0,0,0
5876,11,12,11,2,1,1,12,12,1,0,0,0,0,1,0
5877,113,113,113,,0,1,113,113,1,1,1,0,0,0,0
5878,11,11,11,,0,1,11,11,1,1,1,0,0,0,0
5879,112,113,112,3,1,1,113,113,1,0,0,0,0,1,0
5880,11,11,11,,0,1,11,11,1,1,1,0,0,0,0
5881,11,11,11,,0,1,11,11,1,1,1,0,0,0,0
5882,112,113,112,3,1,1,113,113,1,0,0,0,0,1,0
5883,113,113,113,,0,1,113,113,1,1,1,0,0,0,0
5884,113,113,113,,0,1,113,113,1,1,1,0,0,0,0
5885,1211,122,122,,0,0,122,122,1,0,0,1,0,0,0
5886,113,113,113,,0,1,113,113,1,1,1,0,0,0,0
5890,11,11,11,,0,1,11,11,1,1,1,0,0,0,0
5892,112,112,112,,0,1,112,112,1,1,1,0,0,0,0
5893,112,113,112,3,1,1,113,113,1,0,0,0,0,1,0
5894,113,113,113,,0,1,113,113,1,1,1,0,0,0,0
5895,12,12,12,,0,1,12,22,0,0,0,0,0,1,1
5896,11,11,11,,0,1,11,11,1,1,1,0,0,0,0
5897,113,113,113,,0,1,113,113,1,1,1,0,0,0,0
5898,113,113,113,,0,1,113,113,1,1,1,0,0,0,0
5899,122,122,122,,0,1,122,122,1,1,1,0,0,0,0
5900,112,112,112,,0,1,112,112,1,1,1,0,0,0,0
5901,113,113,113,,0,1,113,113,1,1,1,0,0,0,0
5902,113,113,113,,0,1,113,113,1,1,1,0,0,0,0
5903,112,113,112,3,1,1,113,113,1,0,0,0,0,1,0
5904,11,11,11,,0,1,11,11,1,1,1,0,0,0,0
5905,113,113,113,,0,1,113,113,1,1,1,0,0,0,0
5906,113,113,113,,0,1,113,113,1,1,1,0,0,0,0
5907,113,113,113,,0,1,113,113,1,1,1,0,0,0,0
5909,113,113,113,,0,1,113,113,1,1,1,0,0,0,0
5910,11,11,11,,0,1,11,11,1,1,1,0,0,0,0
5911,113,113,113,,0,1,113,113,1,1,1,0,0,0,0
5915,11,11,11,,0,1,11,11,1,1,1,0,0,0,0
5919,11,12,12,,0,0,12,12,1,0,0,1,0,0,0
5920,113,113,113,,0,1,113,113,1,1,1,0,0,0,0
5921,11,11,11,,0,1,11,11,1,1,1,0,0,0,0
5922,112,112,112,,0,1,112,112,1,1,1,0,0,0,0
5924,113,113,113,,0,1,113,113,1,1,1,0,0,0,0
5925,11,11,11,,0,1,11,11,1,1,1,0,0,0,0
5927,112,112,112,,0,1,112,112,1,1,1,0,0,0,0
5928,12,12,12,,0,1,12,12,1,1,1,0,0,0,0
5929,113,113,113,,0,1,113,113,1,1,1,0,0,0,0
5930,11,11,11,,0,1,11,11,1,1,1,0,0,0,0
5933,11,11,11,,0,1,11,11,1,1,1,0,0,0,0
5934,113,113,113,,0,1,113,113,1,1,1,0,0,0,0
5935,112,113,112,3,1,1,113,113,1,0,0,0,0,1,0
5936,112,112,112,,0,1,112,112,1,1,1,0,0,0,0
5937,113,113,113,,0,1,113,113,1,1,1,0,0,0,0
5938,11,11,11,,0,1,11,11,1,1,1,0,0,0,0
5940,113,113,113,,0,1,113,113,1,1,1,0,0,0,0
5941,11,11,11,,0,1,11,11,1,1,1,0,0,0,0
5942,11,11,11,,0,1,11,11,1,1,1,0,0,0,0
5943,11,11,11,,0,1,11,11,1,1,1,0,0,0,0
5944,113,113,113,,0,1,113,113,1,1,1,0,0,0,0
5945,113,113,113,,0,1,113,113,1,1,1,0,0,0,0
5949,11,11,11,,0,1,11,11,1,1,1,0,0,0,0
5950,11,11,11,,0,1,11,11,1,1,1,0,0,0,0
5951,112,122,112,2,1,1,122,122,1,0,0,0,0,1,0
5952,11,11,11,,0,1,11,11,1,1,1,0,0,0,0
5953,111,111,111,,0,1,111,111,1,1,1,0,0,0,0
5954,113,113,113,,0,1,113,113,1,1,1,0,0,0,0
5955,11,11,11,,0,1,11,11,1,1,1,0,0,0,0
5956,113,113,113,,0,1,113,113,1,1,1,0,0,0,0
5957,11,11,11,,0,1,11,11,1,1,1,0,0,0,0
5958,11,11,11,,0,1,11,11,1,1,1,0,0,0,0
5960,111,111,111,,0,1,111,111,1,1,1,0,0,0,0
5964,11,11,11,,0,1,11,11,1,1,1,0,0,0,0
5965,112,112,112,,0,1,112,112,1,1,1,0,0,0,0
5966,11,11,11,,0,1,11,11,1,1,1,0,0,0,0
5967,12,12,12,,0,1,12,12,1,1,1,0,0,0,0
5968,1211,1211,1211,,0,1,1211,1211,1,1,1,0,0,0,0
5969,113,113,113,,0,1,113,113,1,1,1,0,0,0,0
5970,113,113,113,,0,1,113,113,1,1,1,0,0,0,0
5973,113,113,113,,0,1,113,113,1,1,1,0,0,0,0
5974,113,113,113,,0,1,113,113,1,1,1,0,0,0,0
5975,113,113,113,,0,1,113,113,1,1,1,0,0,0,0
5976,11,11,11,,0,1,11,11,1,1,1,0,0,0,0
5977,113,113,113,,0,1,113,113,1,1,1,0,0,0,0
5978,112,113,112,3,1,1,113,113,1,0,0,0,0,1,0
5979,113,113,113,,0,1,113,113,1,1,1,0,0,0,0
5980,113,113,113,,0,1,113,113,1,1,1,0,0,0,0
5982,113,113,113,,0,1,113,113,1,1,1,0,0,0,0
5984,113,113,113,,0,1,113,113,1,1,1,0,0,0,0
5985,11,11,11,,0,1,11,11,1,1,1,0,0,0,0
5986,113,113,113,,0,1,113,113,1,1,1,0,0,0,0
5988,113,113,113,,0,1,113,113,1,1,1,0,0,0,0
5989,113,113,113,,0,1,113,113,1,1,1,0,0,0,0
5990,122,122,122,,0,1,122,122,1,1,1,0,0,0,0
5991,113,113,113,,0,1,113,113,1,1,1,0,0,0,0
5992,11,11,11,,0,1,11,11,1,1,1,0,0,0,0
5994,1111,1211,1111,2,1,1,1211,1211,1,0,0,0,0,1,0
5996,11,11,11,,0,1,11,11,1,1,1,0,0,0,0
5998,11,11,11,,0,1,11,11,1,1,1,0,0,0,0
5999,11,11,11,,0,1,11,11,1,1,1,0,0,0,0
6000,11,11,11,,0,1,11,11,1,1,1,0,0,0,0
6002,122,122,122,,0,1,122,122,1,1,1,0,0,0,0
6003,11,12,11,2,1,1,12,11,0,1,1,0,0,0,0
6004,113,113,113,,0,1,113,113,1,1,1,0,0,0,0
6005,12,11,11,,0,0,11,11,1,0,0,1,0,0,0
6007,12,11,11,,0,0,11,11,1,0,0,1,0,0,0
6008,113,113,113,,0,1,113,113,1,1,1,0,0,0,0
6010,113,113,113,,0,1,113,113,1,1,1,0,0,0,0
6011,113,113,113,,0,1,113,113,1,1,1,0,0,0,0
6012,11,11,11,,0,1,11,11,1,1,1,0,0,0,0
6013,11,11,11,,0,1,11,11,1,1,1,0,0,0,0
6014,11,12,11,2,1,1,12,12,1,0,0,0,0,1,0
6016,11,11,11,,0,1,11,11,1,1,1,0,0,0,0
6017,113,113,113,,0,1,113,113,1,1,1,0,0,0,0
6018,11,11,11,,0,1,11,11,1,1,1,0,0,0,0
6020,112,113,112,3,1,1,113,113,1,0,0,0,0,1,0
6024,11,11,11,,0,1,11,11,1,1,1,0,0,0,0
6025,11,11,11,,0,1,11,11,1,1,1,0,0,0,0
6026,1111,1111,1111,,0,1,1111,1111,1,1,1,0,0,0,0
6027,113,113,113,,0,1,113,113,1,1,1,0,0,0,0
6028,112,113,112,3,1,1,113,113,1,0,0,0,0,1,0
6029,113,113,113,,0,1,113,113,1,1,1,0,0,0,0
6030,11,11,11,,0,1,11,11,1,1,1,0,0,0,0
6032,112,112,112,,0,1,112,112,1,1,1,0,0,0,0
6033,11,11,11,,0,1,11,11,1,1,1,0,0,0,0
6034,11,11,11,,0,1,11,11,1,1,1,0,0,0,0
6035,113,113,113,,0,1,113,113,1,1,1,0,0,0,0
6036,113,113,113,,0,1,113,113,1,1,1,0,0,0,0
6037,11,11,11,,0,1,11,11,1,1,1,0,0,0,0
6039,11,11,11,,0,1,11,11,1,1,1,0,0,0,0
6041,1222,1222,1222,,0,1,1222,1222,1,1,1,0,0,0,0
6042,12,11,11,,0,0,11,11,1,0,0,1,0,0,0
6044,11,11,11,,0,1,11,11,1,1,1,0,0,0,0
6045,113,113,113,,0,1,113,113,1,1,1,0,0,0,0
6046,11,11,11,,0,1,11,11,1,1,1,0,0,0,0
6047,11,11,11,,0,1,11,11,1,1,1,0,0,0,0
6051,112,113,112,3,1,1,113,112,0,1,1,0,0,0,0
6054,112,122,112,2,1,1,122,122,1,0,0,0,0,1,0
6055,11,11,11,,0,1,11,11,1,1,1,0,0,0,0
6056,112,112,112,,0,1,112,112,1,1,1,0,0,0,0
6058,113,113,113,,0,1,113,113,1,1,1,0,0,0,0
6059,11,11,11,,0,1,11,11,1,1,1,0,0,0,0
6060,12,11,11,,0,0,11,11,1,0,0,1,0,0,0
6061,113,113,113,,0,1,113,113,1,1,1,0,0,0,0
6062,113,113,113,,0,1,113,113,1,1,1,0,0,0,0
6064,112,113,112,3,1,1,113,113,1,0,0,0,0,1,0
6065,11,11,11,,0,1,11,11,1,1,1,0,0,0,0
6066,113,113,113,,0,1,113,113,1,1,1,0,0,0,0
6068,111,112,111,3,1,1,112,112,1,0,0,0,0,1,0
6069,12,11,11,,0,0,11,11,1,0,0,1,0,0,0
6070,113,113,113,,0,1,113,113,1,1,1,0,0,0,0
6071,11,11,11,,0,1,11,11,1,1,1,0,0,0,0
6072,111,112,111,3,1,1,112,112,1,0,0,0,0,1,0
6073,11,11,11,,0,1,11,11,1,1,1,0,0,0,0
6075,113,113,113,,0,1,113,113,1,1,1,0,0,0,0
6076,11,11,11,,0,1,11,11,1,1,1,0,0,0,0
6077,113,113,113,,0,1,113,113,1,1,1,0,0,0,0
6078,113,113,113,,0,1,113,113,1,1,1,0,0,0,0
6079,11,11,11,,0,1,11,11,1,1,1,0,0,0,0
6082,112,113,112,3,1,1,113,113,1,0,0,0,0,1,0
6084,113,113,113,,0,1,113,113,1,1,1,0,0,0,0
6086,11,11,11,,0,1,11,11,1,1,1,0,0,0,0
6087,11,11,11,,0,1,11,11,1,1,1,0,0,0,0
6089,113,113,113,,0,1,113,113,1,1,1,0,0,0,0
6090,11,11,11,,0,1,11,11,1,1,1,0,0,0,0
6091,113,113,113,,0,1,113,113,1,1,1,0,0,0,0
6092,113,113,113,,0,1,113,113,1,1,1,0,0,0,0
6093,113,113,113,,0,1,113,113,1,1,1,0,0,0,0
6094,11,11,11,,0,1,11,11,1,1,1,0,0,0,0
6096,11,11,11,,0,1,11,11,1,1,1,0,0,0,0
6097,111,113,111,3 3,1,1,113,112,0,0,0,0,0,1,0
6102,1211,1211,1211,,0,1,1211,1211,1,1,1,0,0,0,0
6103,113,113,113,,0,1,113,113,1,1,1,0,0,0,0
6104,113,113,113,,0,1,113,113,1,1,1,0,0,0,0
6105,11,11,11,,0,1,11,11,1,1,1,0,0,0,0
6107,112,112,112,,0,1,112,112,1,1,1,0,0,0,0
6108,113,113,113,,0,1,113,113,1,1,1,0,0,0,0
6113,11,11,11,,0,1,11,11,1,1,1,0,0,0,0
6114,113,113,113,,0,1,113,113,1,1,1,0,0,0,0
6117,113,113,113,,0,1,113,113,1,1,1,0,0,0,0
6119,113,113,113,,0,1,113,113,1,1,1,0,0,0,0
6120,112,113,112,3,1,1,113,113,1,0,0,0,0,1,0
6121,112,113,112,3,1,1,113,113,1,0,0,0,0,1,0
6123,112,113,112,3,1,1,113,113,1,0,0,0,0,1,0
6125,112,112,112,,0,1,112,112,1,1,1,0,0,0,0
6128,113,113,113,,0,1,113,113,1,1,1,0,0,0,0
6130,22,22,22,,0,1,22,22,1,1,1,0,0,0,0
6131,22,22,22,,0,1,22,22,1,1,1,0,0,0,0
6132,11,11,11,,0,1,11,11,1,1,1,0,0,0,0
6133,113,113,113,,0,1,113,113,1,1,1,0,0,0,0
6134,11,11,11,,0,1,11,11,1,1,1,0,0,0,0
6135,113,113,113,,0,1,113,113,1,1,1,0,0,0,0
6136,113,113,113,,0,1,113,113,1,1,1,0,0,0,0
6137,1211,1211,1211,,0,1,1211,1211,1,1,1,0,0,0,0
6138,113,113,113,,0,1,113,113,1,1,1,0,0,0,0
6139,113,113,113,,0,1,113,113,1,1,1,0,0,0,0
6141,113,113,113,,0,1,113,113,1,1,1,0,0,0,0
6142,11,11,11,,0,1,11,11,1,1,1,0,0,0,0
6144,11,11,11,,0,1,11,11,1,1,1,0,0,0,0
6146,113,113,113,,0,1,113,113,1,1,1,0,0,0,0
6148,1211,1211,1211,,0,1,1211,1211,1,1,1,0,0,0,0
6149,1211,1211,1211,,0,1,1211,1211,1,1,1,0,0,0,0
6150,11,11,11,,0,1,11,11,1,1,1,0,0,0,0
6151,112,112,112,,0,1,112,112,1,1,1,0,0,0,0
6152,113,113,113,,0,1,113,113,1,1,1,0,0,0,0
6153,113,113,113,,0,1,113,113,1,1,1,0,0,0,0
6154,113,113,113,,0,1,113,113,1,1,1,0,0,0,0
6155,11,11,11,,0,1,11,11,1,1,1,0,0,0,0
6156,112,113,112,3,1,1,113,113,1,0,0,0,0,1,0
6157,11,11,11,,0,1,11,11,1,1,1,0,0,0,0
6159,11,11,11,,0,1,11,11,1,1,1,0,0,0,0
6160,113,113,113,,0,1,113,113,1,1,1,0,0,0,0
6161,11,11,11,,0,1,11,11,1,1,1,0,0,0,0
6163,113,113,113,,0,1,113,113,1,1,1,0,0,0,0
6166,11,11,11,,0,1,11,11,1,1,1,0,0,0,0
6167,11,11,11,,0,1,11,11,1,1,1,0,0,0,0
6168,122,122,122,,0,1,122,122,1,1,1,0,0,0,0
6169,122,122,122,,0,1,122,122,1,1,1,0,0,0,0
6170,12,11,11,,0,0,11,11,1,0,0,1,0,0,0
6171,111,111,111,,0,1,111,111,1,1,1,0,0,0,0
6173,113,113,113,,0,1,113,113,1,1,1,0,0,0,0
6174,11,11,11,,0,1,11,11,1,1,1,0,0,0,0
6175,11,11,11,,0,1,11,11,1,1,1,0,0,0,0
6176,113,113,113,,0,1,113,113,1,1,1,0,0,0,0
6177,11,11,11,,0,1,11,11,1,1,1,0,0,0,0
6178,11,11,11,,0,1,11,11,1,1,1,0,0,0,0
6179,113,113,113,,0,1,113,113,1,1,1,0,0,0,0
6180,11,11,11,,0,1,11,11,1,1,1,0,0,0,0
6182,112,112,112,,0,1,112,112,1,1,1,0,0,0,0
6183,113,113,113,,0,1,113,113,1,1,1,0,0,0,0
6184,11,11,11,,0,1,11,11,1,1,1,0,0,0,0
6185,11,11,11,,0,1,11,11,1,1,1,0,0,0,0
6186,113,113,113,,0,1,113,113,1,1,1,0,0,0,0
6187,113,113,113,,0,1,113,113,1,1,1,0,0,0,0
6188,113,113,113,,0,1,113,113,1,1,1,0,0,0,0
6189,11,11,11,,0,1,11,11,1,1,1,0,0,0,0
6190,122,122,122,,0,1,122,122,1,1,1,0,0,0,0
6191,112,122,112,2,1,1,122,122,1,0,0,0,0,1,0
6192,11,11,11,,0,1,11,11,1,1,1,0,0,0,0
6193,113,113,113,,0,1,113,113,1,1,1,0,0,0,0
6194,112,113,112,3,1,1,113,113,1,0,0,0,0,1,0
6196,11,11,11,,0,1,11,11,1,1,1,0,0,0,0
6197,112,113,112,3,1,1,113,113,1,0,0,0,0,1,0
6198,11,11,11,,0,1,11,11,1,1,1,0,0,0,0
6199,113,113,113,,0,1,113,113,1,1,1,0,0,0,0
6200,112,113,112,3,1,1,113,113,1,0,0,0,0,1,0
6201,11,11,11,,0,1,11,11,1,1,1,0,0,0,0
6202,113,113,113,,0,1,113,113,1,1,1,0,0,0,0
6203,113,113,113,,0,1,113,113,1,1,1,0,0,0,0
6204,11,11,11,,0,1,11,11,1,1,1,0,0,0,0
6205,113,113,113,,0,1,113,113,1,1,1,0,0,0,0
6206,113,113,113,,0,1,113,113,1,1,1,0,0,0,0
6208,11,11,11,,0,1,11,11,1,1,1,0,0,0,0
6209,11,11,11,,0,1,11,11,1,1,1,0,0,0,0
6213,113,113,113,,0,1,113,113,1,1,1,0,0,0,0
6214,112,113,112,3,1,1,113,113,1,0,0,0,0,1,0
6215,113,113,113,,0,1,113,113,1,1,1,0,0,0,0
6216,113,113,113,,0,1,113,113,1,1,1,0,0,0,0
6217,11,11,11,,0,1,11,11,1,1,1,0,0,0,0
6219,11,11,11,,0,1,11,11,1,1,1,0,0,0,0
6220,113,113,113,,0,1,113,113,1,1,1,0,0,0,0
6222,122,122,122,,0,1,122,122,1,1,1,0,0,0,0
6223,112,112,112,,0,1,112,112,1,1,1,0,0,0,0
6224,113,113,113,,0,1,113,113,1,1,1,0,0,0,0
6225,113,113,113,,0,1,113,113,1,1,1,0,0,0,0
6226,11,12,11,2,1,1,12,12,1,0,0,0,0,1,0
6227,113,113,113,,0,1,113,113,1,1,1,0,0,0,0
6228,11,11,11,,0,1,11,11,1,1,1,0,0,0,0
6230,1211,1211,1211,,0,1,1211,122,0,0,0,0,0,1,1
6232,11,11,11,,0,1,11,11,1,1,1,0,0,0,0
6233,112,113,112,3,1,1,113,113,1,0,0,0,0,1,0
6235,113,113,113,,0,1,113,113,1,1,1,0,0,0,0
6238,113,113,113,,0,1,113,113,1,1,1,0,0,0,0
6239,12,11,11,,0,0,11,11,1,0,0,1,0,0,0
6240,11,11,11,,0,1,11,11,1,1,1,0,0,0,0
6241,113,113,113,,0,1,113,113,1,1,1,0,0,0,0
6243,113,113,113,,0,1,113,113,1,1,1,0,0,0,0
6245,112,113,112,3,1,1,113,113,1,0,0,0,0,1,0
6246,11,11,11,,0,1,11,12,0,0,0,0,0,1,1
6247,11,11,11,,0,1,11,11,1,1,1,0,0,0,0
6249,113,113,113,,0,1,113,113,1,1,1,0,0,0,0
6250,113,113,113,,0,1,113,113,1,1,1,0,0,0,0
6251,11,11,11,,0,1,11,11,1,1,1,0,0,0,0
6252,112,113,112,3,1,1,113,113,1,0,0,0,0,1,0
6253,11,11,11,,0,1,11,11,1,1,1,0,0,0,0
6254,11,11,11,,0,1,11,11,1,1,1,0,0,0,0
6255,113,113,113,,0,1,113,113,1,1,1,0,0,0,0
6256,113,113,113,,0,1,113,113,1,1,1,0,0,0,0
6260,11,11,11,,0,1,11,11,1,1,1,0,0,0,0
6262,113,113,113,,0,1,113,113,1,1,1,0,0,0,0
6263,11,11,11,,0,1,11,11,1,1,1,0,0,0,0
6264,11,11,11,,0,1,11,11,1,1,1,0,0,0,0
6265,113,113,113,,0,1,113,113,1,1,1,0,0,0,0
6266,11,11,11,,0,1,11,11,1,1,1,0,0,0,0
6267,11,11,11,,0,1,11,11,1,1,1,0,0,0,0
6268,112,113,112,3,1,1,113,113,1,0,0,0,0,1,0
6269,11,11,11,,0,1,11,11,1,1,1,0,0,0,0
6271,11,11,11,,0,1,11,11,1,1,1,0,0,0,0
6272,113,113,113,,0,1,113,113,1,1,1,0,0,0,0
6273,113,113,113,,0,1,113,113,1,1,1,0,0,0,0
6274,113,113,113,,0,1,113,113,1,1,1,0,0,0,0
6278,11,11,11,,0,1,11,11,1,1,1,0,0,0,0
6279,112,122,112,2,1,1,122,122,1,0,0,0,0,1,0
6280,112,112,112,,0,1,112,112,1,1,1,0,0,0,0
6281,11,11,11,,0,1,11,11,1,1,1,0,0,0,0
6282,113,113,113,,0,1,113,113,1,1,1,0,0,0,0
6284,11,11,11,,0,1,11,11,1,1,1,0,0,0,0
6285,11,11,11,,0,1,11,11,1,1,1,0,0,0,0
6286,11,11,11,,0,1,11,11,1,1,1,0,0,0,0
6289,11,11,11,,0,1,11,11,1,1,1,0,0,0,0
6290,112,113,112,3,1,1,113,113,1,0,0,0,0,1,0
6291,11,11,11,,0,1,11,11,1,1,1,0,0,0,0
6292,113,113,113,,0,1,113,113,1,1,1,0,0,0,0
6293,11,12,12,,0,0,12,12,1,0,0,1,0,0,0
6294,122,122,122,,0,1,122,122,1,1,1,0,0,0,0
6295,113,113,113,,0,1,113,113,1,1,1,0,0,0,0
6297,113,113,113,,0,1,113,113,1,1,1,0,0,0,0
6299,113,113,113,,0,1,113,113,1,1,1,0,0,0,0
6300,11,11,11,,0,1,11,11,1,1,1,0,0,0,0
6301,113,113,113,,0,1,113,113,1,1,1,0,0,0,0
6302,112,112,112,,0,1,112,112,1,1,1,0,0,0,0
6304,11,11,11,,0,1,11,11,1,1,1,0,0,0,0
6306,11,11,11,,0,1,11,11,1,1,1,0,0,0,0
6309,113,113,113,,0,1,113,113,1,1,1,0,0,0,0
6311,112,112,112,,0,1,112,111,0,0,0,0,0,1,1
6312,113,113,113,,0,1,113,113,1,1,1,0,0,0,0
6313,11,11,11,,0,1,11,11,1,1,1,0,0,0,0
6315,11,11,11,,0,1,11,11,1,1,1,0,0,0,0
6318,113,113,113,,0,1,113,113,1,1,1,0,0,0,0
6319,113,113,113,,0,1,113,113,1,1,1,0,0,0,0
6320,1211,1211,1211,,0,1,1211,1211,1,1,1,0,0,0,0
6321,11,11,11,,0,1,11,11,1,1,1,0,0,0,0
6322,11,11,11,,0,1,11,11,1,1,1,0,0,0,0
6323,11,11,11,,0,1,11,11,1,1,1,0,0,0,0
6324,11,11,11,,0,1,11,11,1,1,1,0,0,0,0
6325,112,112,112,,0,1,112,112,1,1,1,0,0,0,0
6326,11,11,11,,0,1,11,11,1,1,1,0,0,0,0
6327,11,11,11,,0,1,11,11,1,1,1,0,0,0,0
6328,112,113,112,3,1,1,113,113,1,0,0,0,0,1,0
6331,112,113,112,3,1,1,113,113,1,0,0,0,0,1,0
6333,11,11,11,,0,1,11,11,1,1,1,0,0,0,0
6335,11,11,11,,0,1,11,11,1,1,1,0,0,0,0
6336,1111,1211,1111,2,1,1,1211,1211,1,0,0,0,0,1,0
6338,113,113,113,,0,1,113,113,1,1,1,0,0,0,0
6339,113,113,113,,0,1,113,113,1,1,1,0,0,0,0
6343,113,113,113,,0,1,113,113,1,1,1,0,0,0,0
6344,113,113,113,,0,1,113,113,1,1,1,0,0,0,0
6346,11,11,11,,0,1,11,11,1,1,1,0,0,0,0
6349,11,11,11,,0,1,11,11,1,1,1,0,0,0,0
6350,11,11,11,,0,1,11,11,1,1,1,0,0,0,0
6351,122,122,122,,0,1,122,122,1,1,1,0,0,0,0
6352,11,11,11,,0,1,11,11,1,1,1,0,0,0,0
6354,11,11,11,,0,1,11,11,1,1,1,0,0,0,0
6356,11,11,11,,0,1,11,11,1,1,1,0,0,0,0
6357,11,11,11,,0,1,11,11,1,1,1,0,0,0,0
6359,112,113,112,3,1,1,113,113,1,0,0,0,0,1,0
6360,113,113,113,,0,1,113,113,1,1,1,0,0,0,0
6364,11,11,11,,0,1,11,11,1,1,1,0,0,0,0
6367,112,112,112,,0,1,112,112,1,1,1,0,0,0,0
6368,1111,1211,1111,2,1,1,1211,1211,1,0,0,0,0,1,0
6369,112,122,112,2,1,1,122,122,1,0,0,0,0,1,0
6370,11,11,11,,0,1,11,11,1,1,1,0,0,0,0
6371,11,11,11,,0,1,11,11,1,1,1,0,0,0,0
6372,11,11,11,,0,1,11,11,1,1,1,0,0,0,0
6373,11,11,11,,0,1,11,11,1,1,1,0,0,0,0
6374,112,113,112,3,1,1,113,113,1,0,0,0,0,1,0
6375,112,113,112,3,1,1,113,113,1,0,0,0,0,1,0
6376,113,113,113,,0,1,113,113,1,1,1,0,0,0,0
6378,113,113,113,,0,1,113,113,1,1,1,0,0,0,0
6379,11,11,11,,0,1,11,11,1,1,1,0,0,0,0
6380,113,113,113,,0,1,113,113,1,1,1,0,0,0,0
6382,122,122,122,,0,1,122,122,1,1,1,0,0,0,0
6383,113,113,113,,0,1,113,113,1,1,1,0,0,0,0
6384,11,12,12,,0,0,12,12,1,0,0,1,0,0,0
6385,11,11,11,,0,1,11,11,1,1,1,0,0,0,0
6387,11,11,11,,0,1,11,11,1,1,1,0,0,0,0
6388,113,113,113,,0,1,113,113,1,1,1,0,0,0,0
6389,11,11,11,,0,1,11,11,1,1,1,0,0,0,0
6390,11,11,11,,0,1,11,11,1,1,1,0,0,0,0
6391,113,113,113,,0,1,113,113,1,1,1,0,0,0,0
6392,113,113,113,,0,1,113,113,1,1,1,0,0,0,0
6394,11,11,11,,0,1,11,11,1,1,1,0,0,0,0
6395,113,113,113,,0,1,113,113,1,1,1,0,0,0,0
6396,123,123,123,,0,1,123,123,1,1,1,0,0,0,0
6397,11,12,11,2,1,1,12,12,1,0,0,0,0,1,0
6398,112,112,112,,0,1,112,112,1,1,1,0,0,0,0
6399,112,113,112,3,1,1,113,113,1,0,0,0,0,1,0
6400,113,113,113,,0,1,113,113,1,1,1,0,0,0,0
6401,112,112,112,,0,1,112,112,1,1,1,0,0,0,0
6402,11,11,11,,0,1,11,11,1,1,1,0,0,0,0
6403,113,113,113,,0,1,113,113,1,1,1,0,0,0,0
6404,113,113,113,,0,1,113,113,1,1,1,0,0,0,0
6405,112,122,112,2,1,1,122,122,1,0,0,0,0,1,0
6406,113,113,113,,0,1,113,113,1,1,1,0,0,0,0
6407,11,11,11,,0,1,11,11,1,1,1,0,0,0,0
6408,113,113,113,,0,1,113,113,1,1,1,0,0,0,0
6411,111,122,111,2 3,1,1,122,122,1,0,0,0,0,1,0
6412,113,113,113,,0,1,113,113,1,1,1,0,0,0,0
6413,113,113,113,,0,1,113,113,1,1,1,0,0,0,0
6414,11,11,11,,0,1,11,11,1,1,1,0,0,0,0
6415,12,11,11,,0,0,11,11,1,0,0,1,0,0,0
6416,11,12,11,2,1,1,12,12,1,0,0,0,0,1,0
6417,112,112,112,,0,1,112,112,1,1,1,0,0,0,0
6419,113,113,113,,0,1,113,113,1,1,1,0,0,0,0
6420,11,11,11,,0,1,11,11,1,1,1,0,0,0,0
6421,113,113,113,,0,1,113,113,1,1,1,0,0,0,0
6422,11,11,11,,0,1,11,11,1,1,1,0,0,0,0
6423,113,113,113,,0,1,113,113,1,1,1,0,0,0,0
6424,113,113,113,,0,1,113,113,1,1,1,0,0,0,0
6425,11,11,11,,0,1,11,11,1,1,1,0,0,0,0
6426,1211,1212,1211,4,1,1,1212,1212,1,0,0,0,0,1,0
6427,113,113,113,,0,1,113,113,1,1,1,0,0,0,0
6428,113,113,113,,0,1,113,113,1,1,1,0,0,0,0
6430,1211,1211,1211,,0,1,1211,1211,1,1,1,0,0,0,0
6431,112,113,112,3,1,1,113,113,1,0,0,0,0,1,0
6432,113,113,113,,0,1,113,113,1,1,1,0,0,0,0
6433,11,11,11,,0,1,11,11,1,1,1,0,0,0,0
6434,11,11,11,,0,1,11,11,1,1,1,0,0,0,0
6435,113,113,113,,0,1,113,113,1,1,1,0,0,0,0
6436,22,22,22,,0,1,22,22,1,1,1,0,0,0,0
6437,112,112,112,,0,1,112,112,1,1,1,0,0,0,0
6438,113,113,113,,0,1,113,113,1,1,1,0,0,0,0
6439,113,113,113,,0,1,113,113,1,1,1,0,0,0,0
6440,11,11,11,,0,1,11,11,1,1,1,0,0,0,0
6441,11,11,11,,0,1,11,11,1,1,1,0,0,0,0
6442,11,11,11,,0,1,11,11,1,1,1,0,0,0,0
6443,113,113,113,,0,1,113,113,1,1,1,0,0,0,0
6444,113,113,113,,0,1,113,113,1,1,1,0,0,0,0
6445,113,113,113,,0,1,113,113,1,1,1,0,0,0,0
6448,11,11,11,,0,1,11,11,1,1,1,0,0,0,0
6449,113,113,113,,0,1,113,113,1,1,1,0,0,0,0
6450,112,113,112,3,1,1,113,113,1,0,0,0,0,1,0
6451,11,11,11,,0,1,11,11,1,1,1,0,0,0,0
6452,11,11,11,,0,1,11,11,1,1,1,0,0,0,0
6454,113,113,113,,0,1,113,113,1,1,1,0,0,0,0
6456,122,122,122,,0,1,122,122,1,1,1,0,0,0,0
6457,113,113,113,,0,1,113,113,1,1,1,0,0,0,0
6458,113,113,113,,0,1,113,113,1,1,1,0,0,0,0
6459,11,11,11,,0,1,11,11,1,1,1,0,0,0,0
6460,113,113,113,,0,1,113,113,1,1,1,0,0,0,0
6461,113,113,113,,0,1,113,113,1,1,1,0,0,0,0
6462,122,122,122,,0,1,122,122,1,1,1,0,0,0,0
6463,113,113,113,,0,1,113,113,1,1,1,0,0,0,0
6467,112,113,112,3,1,1,113,113,1,0,0,0,0,1,0
6468,11,11,11,,0,1,11,11,1,1,1,0,0,0,0
6469,11,11,11,,0,1,11,11,1,1,1,0,0,0,0
6470,113,113,113,,0,1,113,113,1,1,1,0,0,0,0
6471,11,11,11,,0,1,11,11,1,1,1,0,0,0,0
6474,11,12,12,,0,0,12,12,1,0,0,1,0,0,0
6475,113,113,113,,0,1,113,113,1,1,1,0,0,0,0
6476,113,113,113,,0,1,113,113,1,1,1,0,0,0,0
6477,11,112,112,,0,0,112,111,0,0,0,1,0,0,0
6478,112,113,112,3,1,1,113,113,1,0,0,0,0,1,0
6479,112,112,112,,0,1,112,112,1,1,1,0,0,0,0
6480,113,113,113,,0,1,113,113,1,1,1,0,0,0,0
6481,11,11,11,,0,1,11,11,1,1,1,0,0,0,0
6483,113,113,113,,0,1,113,113,1,1,1,0,0,0,0
6484,113,113,113,,0,1,113,113,1,1,1,0,0,0,0
6487,113,113,113,,0,1,113,113,1,1,1,0,0,0,0
6488,11,11,11,,0,1,11,11,1,1,1,0,0,0,0
6489,12,11,11,,0,0,11,11,1,0,0,1,0,0,0
6491,113,113,113,,0,1,113,113,1,1,1,0,0,0,0
6492,11,11,11,,0,1,11,11,1,1,1,0,0,0,0
6493,113,113,113,,0,1,113,113,1,1,1,0,0,0,0
6494,11,11,11,,0,1,11,11,1,1,1,0,0,0,0
6495,113,113,113,,0,1,113,113,1,1,1,0,0,0,0
6496,112,112,112,,0,1,112,112,1,1,1,0,0,0,0
6502,1111,1112,1111,4,1,1,1112,1112,1,0,0,0,0,1,0
6503,113,113,113,,0,1,113,113,1,1,1,0,0,0,0
6504,11,11,11,,0,1,11,11,1,1,1,0,0,0,0
6509,12,11,11,,0,0,11,11,1,0,0,1,0,0,0
6510,11,11,11,,0,1,11,11,1,1,1,0,0,0,0
6513,11,11,11,,0,1,11,11,1,1,1,0,0,0,0
6514,1211,1211,1211,,0,1,1211,1211,1,1,1,0,0,0,0
6515,113,113,113,,0,1,113,113,1,1,1,0,0,0,0
6516,11,11,11,,0,1,11,11,1,1,1,0,0,0,0
6517,11,11,11,,0,1,11,11,1,1,1,0,0,0,0
6518,112,112,112,,0,1,112,112,1,1,1,0,0,0,0
6519,11,11,11,,0,1,11,11,1,1,1,0,0,0,0
6521,122,122,122,,0,1,122,122,1,1,1,0,0,0,0
6523,112,112,112,,0,1,112,112,1,1,1,0,0,0,0
6524,113,113,113,,0,1,113,113,1,1,1,0,0,0,0
6525,113,113,113,,0,1,113,113,1,1,1,0,0,0,0
6526,112,112,112,,0,1,112,112,1,1,1,0,0,0,0
6527,113,113,113,,0,1,113,113,1,1,1,0,0,0,0
6528,11,11,11,,0,1,11,11,1,1,1,0,0,0,0
6530,113,113,113,,0,1,113,113,1,1,1,0,0,0,0
6531,112,113,112,3,1,1,113,113,1,0,0,0,0,1,0
6532,113,113,113,,0,1,113,113,1,1,1,0,0,0,0
6534,11,12,11,2,1,1,12,12,1,0,0,0,0,1,0
6535,113,113,113,,0,1,113,113,1,1,1,0,0,0,0
6536,11,11,11,,0,1,11,11,1,1,1,0,0,0,0
6537,11,11,11,,0,1,11,11,1,1,1,0,0,0,0
6538,11,11,11,,0,1,11,11,1,1,1,0,0,0,0
6540,113,113,113,,0,1,113,113,1,1,1,0,0,0,0
6542,11,11,11,,0,1,11,11,1,1,1,0,0,0,0
6543,11,11,11,,0,1,11,11,1,1,1,0,0,0,0
6544,113,113,113,,0,1,113,113,1,1,1,0,0,0,0
6545,113,113,113,,0,1,113,113,1,1,1,0,0,0,0
6547,11,11,11,,0,1,11,11,1,1,1,0,0,0,0
6550,113,113,113,,0,1,113,113,1,1,1,0,0,0,0
6553,113,113,113,,0,1,113,113,1,1,1,0,0,0,0
6555,113,113,113,,0,1,113,113,1,1,1,0,0,0,0
6556,113,113,113,,0,1,113,113,1,1,1,0,0,0,0
6557,113,113,113,,0,1,113,113,1,1,1,0,0,0,0
6561,112,112,112,,0,1,112,112,1,1,1,0,0,0,0
6562,112,112,112,,0,1,112,112,1,1,1,0,0,0,0
6563,1211,1211,1211,,0,1,1211,1211,1,1,1,0,0,0,0
6564,11,11,11,,0,1,11,11,1,1,1,0,0,0,0
6566,11,11,11,,0,1,11,11,1,1,1,0,0,0,0
6567,11,11,11,,0,1,11,11,1,1,1,0,0,0,0
6568,1211,1211,1211,,0,1,1211,1211,1,1,1,0,0,0,0
6569,112,122,112,2,1,1,122,122,1,0,0,0,0,1,0
6572,113,113,113,,0,1,113,113,1,1,1,0,0,0,0
6573,113,113,113,,0,1,113,113,1,1,1,0,0,0,0
6574,113,113,113,,0,1,113,113,1,1,1,0,0,0,0
6575,11,11,11,,0,1,11,11,1,1,1,0,0,0,0
6576,11,11,11,,0,1,11,11,1,1,1,0,0,0,0
6578,112,112,112,,0,1,112,112,1,1,1,0,0,0,0
6583,113,113,113,,0,1,113,113,1,1,1,0,0,0,0
6584,112,112,112,,0,1,112,112,1,1,1,0,0,0,0
6585,112,112,112,,0,1,112,112,1,1,1,0,0,0,0
6591,113,113,113,,0,1,113,113,1,1,1,0,0,0,0
6592,113,113,113,,0,1,113,113,1,1,1,0,0,0,0
6593,113,113,113,,0,1,113,113,1,1,1,0,0,0,0
6594,11,11,11,,0,1,11,11,1,1,1,0,0,0,0
6595,11,11,11,,0,1,11,11,1,1,1,0,0,0,0
6598,11,11,11,,0,1,11,11,1,1,1,0,0,0,0
6599,113,113,113,,0,1,113,113,1,1,1,0,0,0,0
6600,113,113,113,,0,1,113,113,1,1,1,0,0,0,0
6601,113,113,113,,0,1,113,113,1,1,1,0,0,0,0
6602,11,11,11,,0,1,11,11,1,1,1,0,0,0,0
6605,1211,1211,1211,,0,1,1211,1211,1,1,1,0,0,0,0
6606,11,11,11,,0,1,11,11,1,1,1,0,0,0,0
6607,113,113,113,,0,1,113,113,1,1,1,0,0,0,0
6608,113,113,113,,0,1,113,113,1,1,1,0,0,0,0
6609,112,112,112,,0,1,112,112,1,1,1,0,0,0,0
6610,113,113,113,,0,1,113,113,1,1,1,0,0,0,0
6611,112,113,112,3,1,1,113,113,1,0,0,0,0,1,0
6612,112,113,112,3,1,1,113,113,1,0,0,0,0,1,0
6613,1111,112,112,,0,0,112,112,1,0,0,1,0,0,0
6615,1211,1211,1211,,0,1,1211,1211,1,1,1,0,0,0,0
6616,112,113,112,3,1,1,113,113,1,0,0,0,0,1,0
6619,11,11,11,,0,1,11,11,1,1,1,0,0,0,0
6623,113,113,113,,0,1,113,113,1,1,1,0,0,0,0
6624,113,113,113,,0,1,113,113,1,1,1,0,0,0,0
6625,11,11,11,,0,1,11,11,1,1,1,0,0,0,0
6626,113,113,113,,0,1,113,113,1,1,1,0,0,0,0
6627,112,113,112,3,1,1,113,113,1,0,0,0,0,1,0
6628,112,112,112,,0,1,112,112,1,1,1,0,0,0,0
6629,11,11,11,,0,1,11,11,1,1,1,0,0,0,0
6630,112,113,112,3,1,1,113,113,1,0,0,0,0,1,0
6631,113,113,113,,0,1,113,113,1,1,1,0,0,0,0
6632,113,113,113,,0,1,113,113,1,1,1,0,0,0,0
6633,12,11,11,,0,0,11,11,1,0,0,1,0,0,0
6634,113,113,113,,0,1,113,113,1,1,1,0,0,0,0
6635,11,11,11,,0,1,11,11,1,1,1,0,0,0,0
6636,11,11,11,,0,1,11,11,1,1,1,0,0,0,0
6637,11,11,11,,0,1,11,11,1,1,1,0,0,0,0
6638,113,113,113,,0,1,113,113,1,1,1,0,0,0,0
6639,111,112,11,2 3,1,0,112,112,1,0,0,1,0,0,0
6640,112,112,112,,0,1,112,112,1,1,1,0,0,0,0
6641,11,11,11,,0,1,11,11,1,1,1,0,0,0,0
6643,113,113,113,,0,1,113,113,1,1,1,0,0,0,0
6644,113,113,113,,0,1,113,113,1,1,1,0,0,0,0
6645,11,11,11,,0,1,11,11,1,1,1,0,0,0,0
6646,11,11,11,,0,1,11,11,1,1,1,0,0,0,0
6648,113,113,113,,0,1,113,113,1,1,1,0,0,0,0
6651,11,11,11,,0,1,11,11,1,1,1,0,0,0,0
6652,11,11,11,,0,1,11,11,1,1,1,0,0,0,0
6654,113,113,113,,0,1,113,113,1,1,1,0,0,0,0
6656,113,113,113,,0,1,113,113,1,1,1,0,0,0,0
6658,113,113,113,,0,1,113,113,1,1,1,0,0,0,0
6659,113,113,113,,0,1,113,113,1,1,1,0,0,0,0
6660,113,113,113,,0,1,113,113,1,1,1,0,0,0,0
6661,113,113,113,,0,1,113,113,1,1,1,0,0,0,0
6662,113,113,113,,0,1,113,113,1,1,1,0,0,0,0
6663,11,11,11,,0,1,11,11,1,1,1,0,0,0,0
6664,113,113,113,,0,1,113,113,1,1,1,0,0,0,0
6665,112,113,112,3,1,1,113,113,1,0,0,0,0,1,0
6666,1111,1211,1111,2,1,1,1211,1211,1,0,0,0,0,1,0
6667,112,113,112,3,1,1,113,113,1,0,0,0,0,1,0
6668,113,113,113,,0,1,113,113,1,1,1,0,0,0,0
6669,11,11,11,,0,1,11,11,1,1,1,0,0,0,0
6670,11,11,11,,0,1,11,11,1,1,1,0,0,0,0
6672,113,113,113,,0,1,113,113,1,1,1,0,0,0,0
6673,113,113,113,,0,1,113,113,1,1,1,0,0,0,0
6674,113,113,113,,0,1,113,113,1,1,1,0,0,0,0
6675,113,113,113,,0,1,113,113,1,1,1,0,0,0,0
6681,11,11,11,,0,1,11,11,1,1,1,0,0,0,0
6683,113,113,113,,0,1,113,113,1,1,1,0,0,0,0
6684,11,11,11,,0,1,11,11,1,1,1,0,0,0,0
6685,113,113,113,,0,1,113,113,1,1,1,0,0,0,0
6689,112,122,112,2,1,1,122,122,1,0,0,0,0,1,0
6692,113,113,113,,0,1,113,113,1,1,1,0,0,0,0
6693,113,113,113,,0,1,113,113,1,1,1,0,0,0,0
6694,11,11,11,,0,1,11,11,1,1,1,0,0,0,0
6696,113,113,113,,0,1,113,113,1,1,1,0,0,0,0
6697,122,122,122,,0,1,122,122,1,1,1,0,0,0,0
6698,112,122,112,2,1,1,122,122,1,0,0,0,0,1,0
6699,113,113,113,,0,1,113,113,1,1,1,0,0,0,0
6700,112,112,112,,0,1,112,112,1,1,1,0,0,0,0
6702,12,11,11,,0,0,11,11,1,0,0,1,0,0,0
6704,113,113,113,,0,1,113,113,1,1,1,0,0,0,0
6705,113,113,113,,0,1,113,113,1,1,1,0,0,0,0
6706,113,113,113,,0,1,113,113,1,1,1,0,0,0,0
6707,113,113,113,,0,1,113,113,1,1,1,0,0,0,0
6708,11,11,11,,0,1,11,11,1,1,1,0,0,0,0
6709,11,11,11,,0,1,11,11,1,1,1,0,0,0,0
6710,12,11,11,,0,0,11,11,1,0,0,1,0,0,0
6711,112,122,122,,0,0,122,122,1,0,0,1,0,0,0
6715,122,122,122,,0,1,122,122,1,1,1,0,0,0,0
6716,113,113,113,,0,1,113,113,1,1,1,0,0,0,0
6718,112,113,112,3,1,1,113,113,1,0,0,0,0,1,0
6719,11,12,11,2,1,1,12,12,1,0,0,0,0,1,0
6720,11,11,11,,0,1,11,11,1,1,1,0,0,0,0
6721,11,11,11,,0,1,11,11,1,1,1,0,0,0,0
6723,11,11,11,,0,1,11,11,1,1,1,0,0,0,0
6724,113,113,113,,0,1,113,113,1,1,1,0,0,0,0
6725,11,12,11,2,1,1,12,12,1,0,0,0,0,1,0
6728,113,113,113,,0,1,113,113,1,1,1,0,0,0,0
6732,113,113,113,,0,1,113,113,1,1,1,0,0,0,0
6733,11,11,11,,0,1,11,11,1,1,1,0,0,0,0
6734,11,11,11,,0,1,11,11,1,1,1,0,0,0,0
6737,11,11,11,,0,1,11,11,1,1,1,0,0,0,0
6738,11,11,11,,0,1,11,11,1,1,1,0,0,0,0
6739,1112,1112,1112,,0,1,1112,1112,1,1,1,0,0,0,0
6740,112,112,112,,0,1,112,112,1,1,1,0,0,0,0
6741,113,113,113,,0,1,113,113,1,1,1,0,0,0,0
6742,11,11,11,,0,1,11,11,1,1,1,0,0,0,0
6744,1111,1211,1111,2,1,1,1211,1211,1,0,0,0,0,1,0
6745,113,113,113,,0,1,113,113,1,1,1,0,0,0,0
6746,113,113,113,,0,1,113,113,1,1,1,0,0,0,0
6747,113,113,113,,0,1,113,113,1,1,1,0,0,0,0
6748,113,113,112,3,1,0,113,113,1,1,0,0,1,0,0
6749,113,113,113,,0,1,113,113,1,1,1,0,0,0,0
6751,112,113,112,3,1,1,113,113,1,0,0,0,0,1,0
6752,112,112,112,,0,1,112,112,1,1,1,0,0,0,0
6753,11,11,11,,0,1,11,11,1,1,1,0,0,0,0
6754,113,113,113,,0,1,113,113,1,1,1,0,0,0,0
6755,113,113,113,,0,1,113,113,1,1,1,0,0,0,0
6756,113,113,113,,0,1,113,113,1,1,1,0,0,0,0
6757,112,112,112,,0,1,112,112,1,1,1,0,0,0,0
6758,113,113,113,,0,1,113,113,1,1,1,0,0,0,0
6759,113,113,113,,0,1,113,113,1,1,1,0,0,0,0
6760,113,113,113,,0,1,113,113,1,1,1,0,0,0,0
6761,122,122,122,,0,1,122,122,1,1,1,0,0,0,0
6762,113,113,113,,0,1,113,113,1,1,1,0,0,0,0
6763,113,113,113,,0,1,113,113,1,1,1,0,0,0,0
6764,113,113,113,,0,1,113,113,1,1,1,0,0,0,0
6766,113,113,113,,0,1,113,113,1,1,1,0,0,0,0
6769,113,113,113,,0,1,113,113,1,1,1,0,0,0,0
6770,11,11,11,,0,1,11,11,1,1,1,0,0,0,0
6771,11,11,11,,0,1,11,11,1,1,1,0,0,0,0
6772,112,113,112,3,1,1,113,113,1,0,0,0,0,1,0
6773,11,11,11,,0,1,11,11,1,1,1,0,0,0,0
6774,122,122,122,,0,1,122,122,1,1,1,0,0,0,0
6775,112,112,112,,0,1,112,112,1,1,1,0,0,0,0
6777,113,113,113,,0,1,113,113,1,1,1,0,0,0,0
6778,113,113,113,,0,1,113,113,1,1,1,0,0,0,0
6779,113,113,113,,0,1,113,113,1,1,1,0,0,0,0
6780,11,11,11,,0,1,11,11,1,1,1,0,0,0,0
6781,112,113,112,3,1,1,113,113,1,0,0,0,0,1,0
6783,11,11,11,,0,1,11,11,1,1,1,0,0,0,0
6784,122,122,122,,0,1,122,122,1,1,1,0,0,0,0
6785,113,113,113,,0,1,113,113,1,1,1,0,0,0,0
6786,122,122,122,,0,1,122,122,1,1,1,0,0,0,0
6787,11,11,11,,0,1,11,11,1,1,1,0,0,0,0
6788,112,113,112,3,1,1,113,113,1,0,0,0,0,1,0
6789,112,112,112,,0,1,112,112,1,1,1,0,0,0,0
6790,112,113,112,3,1,1,113,113,1,0,0,0,0,1,0
6791,112,112,112,,0,1,112,112,1,1,1,0,0,0,0
6792,113,113,113,,0,1,113,113,1,1,1,0,0,0,0
6793,112,112,112,,0,1,112,112,1,1,1,0,0,0,0
6797,112,112,112,,0,1,112,112,1,1,1,0,0,0,0
6799,113,113,113,,0,1,113,113,1,1,1,0,0,0,0
6800,1211,1211,1211,,0,1,1211,1211,1,1,1,0,0,0,0
6801,11,11,11,,0,1,11,11,1,1,1,0,0,0,0
6803,113,113,113,,0,1,113,113,1,1,1,0,0,0,0
6804,112,112,112,,0,1,112,112,1,1,1,0,0,0,0
6806,113,113,113,,0,1,113,113,1,1,1,0,0,0,0
6809,112,113,112,3,1,1,113,113,1,0,0,0,0,1,0
6810,113,113,113,,0,1,113,113,1,1,1,0,0,0,0
6811,112,113,112,3,1,1,113,113,1,0,0,0,0,1,0
6812,112,1211,1111,2,1,0,1211,1211,1,0,0,1,0,0,0
6813,122,122,122,,0,1,122,122,1,1,1,0,0,0,0
6814,1211,1211,1211,,0,1,1211,1211,1,1,1,0,0,0,0
6816,11,11,11,,0,1,11,12,0,0,0,0,0,1,1
6817,122,122,122,,0,1,122,122,1,1,1,0,0,0,0
6818,112,122,112,2,1,1,122,122,1,0,0,0,0,1,0
6819,11,11,11,,0,1,11,11,1,1,1,0,0,0,0
6820,112,113,112,3,1,1,113,113,1,0,0,0,0,1,0
6822,11,11,11,,0,1,11,11,1,1,1,0,0,0,0
6823,113,113,113,,0,1,113,113,1,1,1,0,0,0,0
6824,11,11,11,,0,1,11,11,1,1,1,0,0,0,0
6825,113,113,113,,0,1,113,113,1,1,1,0,0,0,0
6826,113,113,113,,0,1,113,113,1,1,1,0,0,0,0
6827,113,113,113,,0,1,113,113,1,1,1,0,0,0,0
6828,113,113,113,,0,1,113,113,1,1,1,0,0,0,0
6829,11,11,11,,0,1,11,11,1,1,1,0,0,0,0
6830,113,113,113,,0,1,113,113,1,1,1,0,0,0,0
6831,113,113,113,,0,1,113,113,1,1,1,0,0,0,0
6833,11,11,11,,0,1,11,11,1,1,1,0,0,0,0
6834,11,11,11,,0,1,11,11,1,1,1,0,0,0,0
6836,112,113,112,3,1,1,113,113,1,0,0,0,0,1,0
6837,112,113,112,3,1,1,113,113,1,0,0,0,0,1,0
6839,112,112,112,,0,1,112,112,1,1,1,0,0,0,0
6840,11,11,11,,0,1,11,11,1,1,1,0,0,0,0
6841,112,113,112,3,1,1,113,113,1,0,0,0,0,1,0
6842,1211,1211,1211,,0,1,1211,1211,1,1,1,0,0,0,0
6843,112,112,112,,0,1,112,112,1,1,1,0,0,0,0
6845,11,11,11,,0,1,11,11,1,1,1,0,0,0,0
6847,11,11,11,,0,1,11,11,1,1,1,0,0,0,0
6848,112,112,112,,0,1,112,112,1,1,1,0,0,0,0
6852,11,11,11,,0,1,11,11,1,1,1,0,0,0,0
6853,112,113,112,3,1,1,113,113,1,0,0,0,0,1,0
6854,112,112,112,,0,1,112,112,1,1,1,0,0,0,0
6855,113,113,113,,0,1,113,113,1,1,1,0,0,0,0
6856,1211,1211,1211,,0,1,1211,1211,1,1,1,0,0,0,0
6857,113,113,113,,0,1,113,113,1,1,1,0,0,0,0
6858,11,11,11,,0,1,11,11,1,1,1,0,0,0,0
6859,113,113,113,,0,1,113,113,1,1,1,0,0,0,0
6860,113,113,113,,0,1,113,113,1,1,1,0,0,0,0
6861,111,111,111,,0,1,111,111,1,1,1,0,0,0,0
6862,113,113,113,,0,1,113,113,1,1,1,0,0,0,0
6866,113,113,113,,0,1,113,113,1,1,1,0,0,0,0
6867,113,113,113,,0,1,113,113,1,1,1,0,0,0,0
6868,11,11,11,,0,1,11,11,1,1,1,0,0,0,0
6869,112,112,112,,0,1,112,112,1,1,1,0,0,0,0
6870,11,11,11,,0,1,11,11,1,1,1,0,0,0,0
6871,113,113,113,,0,1,113,113,1,1,1,0,0,0,0
6873,11,11,11,,0,1,11,11,1,1,1,0,0,0,0
6874,112,113,112,3,1,1,113,113,1,0,0,0,0,1,0
6875,112,112,112,,0,1,112,112,1,1,1,0,0,0,0
6876,113,113,113,,0,1,113,113,1,1,1,0,0,0,0
6877,11,11,11,,0,1,11,11,1,1,1,0,0,0,0
6878,113,113,113,,0,1,113,113,1,1,1,0,0,0,0
6882,113,113,113,,0,1,113,113,1,1,1,0,0,0,0
6883,112,112,112,,0,1,112,112,1,1,1,0,0,0,0
6884,113,113,113,,0,1,113,113,1,1,1,0,0,0,0
6885,11,11,11,,0,1,11,11,1,1,1,0,0,0,0
6887,113,113,113,,0,1,113,113,1,1,1,0,0,0,0
6889,1111,1111,1111,,0,1,1111,1111,1,1,1,0,0,0,0
6890,113,113,113,,0,1,113,113,1,1,1,0,0,0,0
6891,11,11,11,,0,1,11,11,1,1,1,0,0,0,0
6892,122,122,122,,0,1,122,122,1,1,1,0,0,0,0
6893,11,11,11,,0,1,11,11,1,1,1,0,0,0,0
6894,11,11,11,,0,1,11,11,1,1,1,0,0,0,0
6897,22,22,22,,0,1,22,22,1,1,1,0,0,0,0
6899,11,11,11,,0,1,11,11,1,1,1,0,0,0,0
6900,123,123,123,,0,1,123,123,1,1,1,0,0,0,0
6903,113,113,113,,0,1,113,113,1,1,1,0,0,0,0
6904,112,112,112,,0,1,112,112,1,1,1,0,0,0,0
6906,122,122,122,,0,1,122,122,1,1,1,0,0,0,0
6909,112,112,112,,0,1,112,112,1,1,1,0,0,0,0
6911,111,112,111,3,1,1,112,11,0,0,0,0,0,1,0
6912,113,113,113,,0,1,113,113,1,1,1,0,0,0,0
6913,1112,1112,1112,,0,1,1112,1112,1,1,1,0,0,0,0
6914,113,113,113,,0,1,113,113,1,1,1,0,0,0,0
6915,113,113,113,,0,1,113,113,1,1,1,0,0,0,0
6916,113,113,113,,0,1,113,113,1,1,1,0,0,0,0
6919,122,122,122,,0,1,122,122,1,1,1,0,0,0,0
6920,112,113,112,3,1,1,113,113,1,0,0,0,0,1,0
6922,122,122,122,,0,1,122,122,1,1,1,0,0,0,0
6923,112,113,112,3,1,1,113,113,1,0,0,0,0,1,0
6924,11,11,11,,0,1,11,11,1,1,1,0,0,0,0
6927,113,113,113,,0,1,113,113,1,1,1,0,0,0,0
6928,113,113,113,,0,1,113,113,1,1,1,0,0,0,0
6929,113,113,113,,0,1,113,113,1,1,1,0,0,0,0
6931,113,113,113,,0,1,113,113,1,1,1,0,0,0,0
6932,113,113,113,,0,1,113,113,1,1,1,0,0,0,0
6933,113,113,113,,0,1,113,113,1,1,1,0,0,0,0
6934,112,113,112,3,1,1,113,113,1,0,0,0,0,1,0
6935,11,11,11,,0,1,11,12,0,0,0,0,0,1,1
6939,113,113,113,,0,1,113,113,1,1,1,0,0,0,0
6940,11,11,11,,0,1,11,11,1,1,1,0,0,0,0
6942,112,122,112,2,1,1,122,122,1,0,0,0,0,1,0
6943,11,11,11,,0,1,11,11,1,1,1,0,0,0,0
6944,112,112,112,,0,1,112,11,0,0,0,0,0,1,1
6946,22,22,22,,0,1,22,22,1,1,1,0,0,0,0
6948,113,113,113,,0,1,113,113,1,1,1,0,0,0,0
6949,12,11,11,,0,0,11,11,1,0,0,1,0,0,0
6950,112,112,112,,0,1,112,112,1,1,1,0,0,0,0
6951,113,113,113,,0,1,113,113,1,1,1,0,0,0,0
6952,113,113,113,,0,1,113,113,1,1,1,0,0,0,0
6953,11,11,11,,0,1,11,11,1,1,1,0,0,0,0
6954,113,113,113,,0,1,113,113,1,1,1,0,0,0,0
6955,112,113,112,3,1,1,113,113,1,0,0,0,0,1,0
6956,113,113,113,,0,1,113,113,1,1,1,0,0,0,0
6957,11,11,11,,0,1,11,11,1,1,1,0,0,0,0
6958,113,113,113,,0,1,113,113,1,1,1,0,0,0,0
6959,12,11,11,,0,0,11,11,1,0,0,1,0,0,0
6960,113,113,113,,0,1,113,113,1,1,1,0,0,0,0
6965,112,113,112,3,1,1,113,113,1,0,0,0,0,1,0
6966,112,112,112,,0,1,112,112,1,1,1,0,0,0,0
6967,11,11,11,,0,1,11,11,1,1,1,0,0,0,0
6972,113,113,113,,0,1,113,113,1,1,1,0,0,0,0
6974,113,113,113,,0,1,113,113,1,1,1,0,0,0,0
6975,12,11,11,,0,0,11,11,1,0,0,1,0,0,0
6977,113,113,113,,0,1,113,113,1,1,1,0,0,0,0
6978,113,113,113,,0,1,113,113,1,1,1,0,0,0,0
6980,11,113,113,,0,0,113,113,1,0,0,1,0,0,0
6981,113,113,113,,0,1,113,113,1,1,1,0,0,0,0
6982,11,11,11,,0,1,11,11,1,1,1,0,0,0,0
6985,11,11,11,,0,1,11,11,1,1,1,0,0,0,0
6986,11,11,11,,0,1,11,11,1,1,1,0,0,0,0
6987,113,113,113,,0,1,113,113,1,1,1,0,0,0,0
6988,113,113,113,,0,1,113,113,1,1,1,0,0,0,0
6989,11,11,11,,0,1,11,11,1,1,1,0,0,0,0
6992,112,112,112,,0,1,112,112,1,1,1,0,0,0,0
6994,112,112,112,,0,1,112,122,0,0,0,0,0,1,1
6995,11,11,11,,0,1,11,11,1,1,1,0,0,0,0
6998,113,113,113,,0,1,113,113,1,1,1,0,0,0,0
6999,113,113,113,,0,1,113,113,1,1,1,0,0,0,0
7001,113,113,113,,0,1,113,113,1,1,1,0,0,0,0
7005,11,11,11,,0,1,11,11,1,1,1,0,0,0,0
7006,122,122,122,,0,1,122,122,1,1,1,0,0,0,0
7007,113,113,113,,0,1,113,113,1,1,1,0,0,0,0
7009,113,113,113,,0,1,113,113,1,1,1,0,0,0,0
7011,112,112,112,,0,1,112,112,1,1,1,0,0,0,0
7012,11,11,11,,0,1,11,11,1,1,1,0,0,0,0
7013,112,113,112,3,1,1,113,113,1,0,0,0,0,1,0
7014,113,113,113,,0,1,113,113,1,1,1,0,0,0,0
7015,113,113,113,,0,1,113,113,1,1,1,0,0,0,0
7017,112,113,112,3,1,1,113,113,1,0,0,0,0,1,0
7019,11,11,11,,0,1,11,11,1,1,1,0,0,0,0
7020,122,122,122,,0,1,122,122,1,1,1,0,0,0,0
7023,113,113,113,,0,1,113,113,1,1,1,0,0,0,0
7024,113,113,113,,0,1,113,113,1,1,1,0,0,0,0
7025,112,112,112,,0,1,112,112,1,1,1,0,0,0,0
7031,112,112,112,,0,1,112,112,1,1,1,0,0,0,0
7032,112,112,112,,0,1,112,112,1,1,1,0,0,0,0
7037,11,11,11,,0,1,11,11,1,1,1,0,0,0,0
7038,113,113,113,,0,1,113,113,1,1,1,0,0,0,0
7044,113,113,113,,0,1,113,113,1,1,1,0,0,0,0
7047,11,11,11,,0,1,11,11,1,1,1,0,0,0,0
7049,11,11,11,,0,1,11,11,1,1,1,0,0,0,0
7055,113,113,113,,0,1,113,113,1,1,1,0,0,0,0
7057,113,113,113,,0,1,113,113,1,1,1,0,0,0,0
7058,113,113,113,,0,1,113,113,1,1,1,0,0,0,0
7059,112,113,112,3,1,1,113,113,1,0,0,0,0,1,0
7064,113,113,113,,0,1,113,113,1,1,1,0,0,0,0
7066,113,113,113,,0,1,113,113,1,1,1,0,0,0,0
7067,11,11,11,,0,1,11,11,1,1,1,0,0,0,0
7070,113,113,113,,0,1,113,113,1,1,1,0,0,0,0
7073,112,113,112,3,1,1,113,113,1,0,0,0,0,1,0
7075,11,11,11,,0,1,11,11,1,1,1,0,0,0,0
7076,112,112,112,,0,1,112,112,1,1,1,0,0,0,0
7077,112,113,112,3,1,1,113,113,1,0,0,0,0,1,0
7078,11,11,11,,0,1,11,11,1,1,1,0,0,0,0
7079,112,113,112,3,1,1,113,113,1,0,0,0,0,1,0
7082,113,113,113,,0,1,113,113,1,1,1,0,0,0,0
7085,1112,1112,1112,,0,1,1112,113,0,0,0,0,0,1,1
7086,112,112,112,,0,1,112,112,1,1,1,0,0,0,0
7088,113,113,113,,0,1,113,113,1,1,1,0,0,0,0
7090,113,113,113,,0,1,113,113,1,1,1,0,0,0,0
7094,113,113,113,,0,1,113,113,1,1,1,0,0,0,0
7097,11,11,11,,0,1,11,11,1,1,1,0,0,0,0
7098,112,113,112,3,1,1,113,113,1,0,0,0,0,1,0
7099,122,122,122,,0,1,122,122,1,1,1,0,0,0,0
7101,112,112,112,,0,1,112,112,1,1,1,0,0,0,0
7102,113,113,113,,0,1,113,113,1,1,1,0,0,0,0
7104,11,11,11,,0,1,11,11,1,1,1,0,0,0,0
7105,113,113,113,,0,1,113,113,1,1,1,0,0,0,0
7108,11,11,11,,0,1,11,11,1,1,1,0,0,0,0
7111,11,11,11,,0,1,11,11,1,1,1,0,0,0,0
7112,113,113,113,,0,1,113,113,1,1,1,0,0,0,0
7113,113,113,113,,0,1,113,113,1,1,1,0,0,0,0
7114,112,112,112,,0,1,112,112,1,1,1,0,0,0,0
7115,113,113,113,,0,1,113,113,1,1,1,0,0,0,0
7117,113,113,113,,0,1,113,113,1,1,1,0,0,0,0
7119,112,112,112,,0,1,112,112,1,1,1,0,0,0,0
7120,113,113,113,,0,1,113,113,1,1,1,0,0,0,0
7123,113,113,113,,0,1,113,113,1,1,1,0,0,0,0
7126,11,11,11,,0,1,11,11,1,1,1,0,0,0,0
7133,112,112,112,,0,1,112,122,0,0,0,0,0,1,1
7136,113,113,113,,0,1,113,113,1,1,1,0,0,0,0
7137,112,112,112,,0,1,112,112,1,1,1,0,0,0,0
7138,11,11,11,,0,1,11,11,1,1,1,0,0,0,0
7140,22,22,22,,0,1,22,22,1,1,1,0,0,0,0
7141,113,113,113,,0,1,113,113,1,1,1,0,0,0,0
7143,113,113,113,,0,1,113,113,1,1,1,0,0,0,0
7144,112,112,112,,0,1,112,112,1,1,1,0,0,0,0
7146,113,113,113,,0,1,113,113,1,1,1,0,0,0,0
7148,11,11,11,,0,1,11,11,1,1,1,0,0,0,0
7149,113,113,113,,0,1,113,113,1,1,1,0,0,0,0
7153,112,112,112,,0,1,112,112,1,1,1,0,0,0,0
7154,113,113,113,,0,1,113,113,1,1,1,0,0,0,0
7155,122,122,122,,0,1,122,122,1,1,1,0,0,0,0
7156,122,122,122,,0,1,122,122,1,1,1,0,0,0,0
7157,12,11,11,,0,0,11,11,1,0,0,1,0,0,0
7158,11,11,11,,0,1,11,11,1,1,1,0,0,0,0
7159,113,113,113,,0,1,113,113,1,1,1,0,0,0,0
7160,113,113,113,,0,1,113,113,1,1,1,0,0,0,0
7161,113,113,113,,0,1,113,113,1,1,1,0,0,0,0
7162,113,113,113,,0,1,113,113,1,1,1,0,0,0,0
7163,113,113,113,,0,1,113,113,1,1,1,0,0,0,0
7164,112,113,112,3,1,1,113,113,1,0,0,0,0,1,0
7165,113,113,113,,0,1,113,113,1,1,1,0,0,0,0
7166,113,113,113,,0,1,113,113,1,1,1,0,0,0,0
7169,113,113,113,,0,1,113,113,1,1,1,0,0,0,0
7172,113,113,113,,0,1,113,113,1,1,1,0,0,0,0
7175,113,113,113,,0,1,113,113,1,1,1,0,0,0,0
7176,113,113,113,,0,1,113,113,1,1,1,0,0,0,0
7177,113,113,113,,0,1,113,113,1,1,1,0,0,0,0
7179,113,113,113,,0,1,113,113,1,1,1,0,0,0,0
7182,11,11,11,,0,1,11,11,1,1,1,0,0,0,0
7183,11,11,11,,0,1,11,11,1,1,1,0,0,0,0
7184,113,113,113,,0,1,113,113,1,1,1,0,0,0,0
7188,112,113,112,3,1,1,113,113,1,0,0,0,0,1,0
7189,113,113,113,,0,1,113,113,1,1,1,0,0,0,0
7190,113,113,113,,0,1,113,113,1,1,1,0,0,0,0
7191,113,113,113,,0,1,113,113,1,1,1,0,0,0,0
7192,122,122,122,,0,1,122,122,1,1,1,0,0,0,0
7193,11,11,11,,0,1,11,11,1,1,1,0,0,0,0
7194,113,113,113,,0,1,113,113,1,1,1,0,0,0,0
7195,11,11,11,,0,1,11,11,1,1,1,0,0,0,0
7198,113,113,113,,0,1,113,113,1,1,1,0,0,0,0
7200,113,113,113,,0,1,113,113,1,1,1,0,0,0,0
7202,113,113,113,,0,1,113,113,1,1,1,0,0,0,0
7205,113,113,113,,0,1,113,113,1,1,1,0,0,0,0
7206,112,112,112,,0,1,112,112,1,1,1,0,0,0,0
7207,113,113,113,,0,1,113,113,1,1,1,0,0,0,0
7208,112,113,112,3,1,1,113,113,1,0,0,0,0,1,0
7210,11,11,11,,0,1,11,11,1,1,1,0,0,0,0
7213,11,11,11,,0,1,11,11,1,1,1,0,0,0,0
7215,11,11,11,,0,1,11,11,1,1,1,0,0,0,0
7216,113,113,113,,0,1,113,113,1,1,1,0,0,0,0
7217,113,113,113,,0,1,113,113,1,1,1,0,0,0,0
7218,1211,1211,1211,,0,1,1211,1211,1,1,1,0,0,0,0
7219,122,122,122,,0,1,122,122,1,1,1,0,0,0,0
7220,113,113,113,,0,1,113,113,1,1,1,0,0,0,0
7224,112,112,112,,0,1,112,1111,0,0,0,0,0,1,1
7225,113,113,113,,0,1,113,113,1,1,1,0,0,0,0
7226,113,113,113,,0,1,113,113,1,1,1,0,0,0,0
7227,112,112,112,,0,1,112,112,1,1,1,0,0,0,0
7228,122,122,122,,0,1,122,112,0,0,0,0,0,1,1
7229,11,11,11,,0,1,11,11,1,1,1,0,0,0,0
7230,113,113,113,,0,1,113,113,1,1,1,0,0,0,0
7231,111,111,111,,0,1,111,111,1,1,1,0,0,0,0
7234,113,113,113,,0,1,113,113,1,1,1,0,0,0,0
7237,112,112,112,,0,1,112,112,1,1,1,0,0,0,0
7238,1211,1211,1211,,0,1,1211,1211,1,1,1,0,0,0,0
7239,113,113,113,,0,1,113,113,1,1,1,0,0,0,0
7240,11,11,11,,0,1,11,11,1,1,1,0,0,0,0
7241,113,113,113,,0,1,113,113,1,1,1,0,0,0,0
7242,113,113,113,,0,1,113,113,1,1,1,0,0,0,0
7243,113,113,113,,0,1,113,113,1,1,1,0,0,0,0
7244,113,113,113,,0,1,113,113,1,1,1,0,0,0,0
7245,112,113,112,3,1,1,113,113,1,0,0,0,0,1,0
7246,113,113,113,,0,1,113,113,1,1,1,0,0,0,0
7247,113,113,113,,0,1,113,113,1,1,1,0,0,0,0
7248,113,113,113,,0,1,113,113,1,1,1,0,0,0,0
7251,112,122,112,2,1,1,122,122,1,0,0,0,0,1,0
7252,113,113,113,,0,1,113,113,1,1,1,0,0,0,0
7253,113,113,113,,0,1,113,113,1,1,1,0,0,0,0
7255,113,113,113,,0,1,113,113,1,1,1,0,0,0,0
7256,112,122,112,2,1,1,122,122,1,0,0,0,0,1,0
7257,112,112,112,,0,1,112,112,1,1,1,0,0,0,0
7258,112,112,112,,0,1,112,112,1,1,1,0,0,0,0
7259,11,11,11,,0,1,11,11,1,1,1,0,0,0,0
7260,11,11,11,,0,1,11,11,1,1,1,0,0,0,0
7262,22,112,112,,0,0,112,22,0,1,0,0,1,0,0
7263,112,113,112,3,1,1,113,113,1,0,0,0,0,1,0
7264,113,113,113,,0,1,113,113,1,1,1,0,0,0,0
7265,113,113,113,,0,1,113,113,1,1,1,0,0,0,0
7266,112,122,112,2,1,1,122,122,1,0,0,0,0,1,0
7267,112,112,112,,0,1,112,112,1,1,1,0,0,0,0
7268,112,112,112,,0,1,112,112,1,1,1,0,0,0,0
7269,113,113,113,,0,1,113,113,1,1,1,0,0,0,0
7276,11,11,11,,0,1,11,11,1,1,1,0,0,0,0
7280,11,11,11,,0,1,11,11,1,1,1,0,0,0,0